"filename", "language", "Python", "XML", "Batch", "Properties", "C++", "PowerShell", "HTML", "JSON", "Java", "comment", "blank", "total"
"c:\Users\USER\Desktop\200000\.idea\dbnavigator.xml", "XML", 0, 454, 0, 0, 0, 0, 0, 0, 0, 0, 0, 454
"c:\Users\USER\Desktop\200000\.idea\inspectionProfiles\Project_Default.xml", "XML", 0, 32, 0, 0, 0, 0, 0, 0, 0, 0, 0, 32
"c:\Users\USER\Desktop\200000\.idea\inspectionProfiles\profiles_settings.xml", "XML", 0, 6, 0, 0, 0, 0, 0, 0, 0, 0, 0, 6
"c:\Users\USER\Desktop\200000\.idea\misc.xml", "XML", 0, 4, 0, 0, 0, 0, 0, 0, 0, 0, 0, 4
"c:\Users\USER\Desktop\200000\.idea\modules.xml", "XML", 0, 8, 0, 0, 0, 0, 0, 0, 0, 0, 0, 8
"c:\Users\USER\Desktop\200000\.idea\tank-game.iml", "XML", 0, 10, 0, 0, 0, 0, 0, 0, 0, 0, 0, 10
"c:\Users\USER\Desktop\200000\TankGame.py", "Python", 490, 0, 0, 0, 0, 0, 0, 0, 0, 15, 189, 694
"c:\Users\USER\Desktop\200000\venv\Include\site\python3.8\pygame\_camera.h", "C++", 0, 0, 0, 0, 5, 0, 0, 0, 0, 18, 5, 28
"c:\Users\USER\Desktop\200000\venv\Include\site\python3.8\pygame\_pygame.h", "C++", 0, 0, 0, 0, 633, 0, 0, 0, 0, 110, 122, 865
"c:\Users\USER\Desktop\200000\venv\Include\site\python3.8\pygame\_surface.h", "C++", 0, 0, 0, 0, 5, 0, 0, 0, 0, 22, 5, 32
"c:\Users\USER\Desktop\200000\venv\Include\site\python3.8\pygame\bitmask.h", "C++", 0, 0, 0, 0, 57, 0, 0, 0, 0, 65, 25, 147
"c:\Users\USER\Desktop\200000\venv\Include\site\python3.8\pygame\camera.h", "C++", 0, 0, 0, 0, 155, 0, 0, 0, 0, 27, 20, 202
"c:\Users\USER\Desktop\200000\venv\Include\site\python3.8\pygame\fastevents.h", "C++", 0, 0, 0, 0, 17, 0, 0, 0, 0, 25, 7, 49
"c:\Users\USER\Desktop\200000\venv\Include\site\python3.8\pygame\font.h", "C++", 0, 0, 0, 0, 24, 0, 0, 0, 0, 23, 11, 58
"c:\Users\USER\Desktop\200000\venv\Include\site\python3.8\pygame\freetype.h", "C++", 0, 0, 0, 0, 82, 0, 0, 0, 0, 31, 25, 138
"c:\Users\USER\Desktop\200000\venv\Include\site\python3.8\pygame\mask.h", "C++", 0, 0, 0, 0, 17, 0, 0, 0, 0, 0, 9, 26
"c:\Users\USER\Desktop\200000\venv\Include\site\python3.8\pygame\mixer.h", "C++", 0, 0, 0, 0, 34, 0, 0, 0, 0, 22, 10, 66
"c:\Users\USER\Desktop\200000\venv\Include\site\python3.8\pygame\palette.h", "C++", 0, 0, 0, 0, 93, 0, 0, 0, 0, 25, 6, 124
"c:\Users\USER\Desktop\200000\venv\Include\site\python3.8\pygame\pgarrinter.h", "C++", 0, 0, 0, 0, 20, 0, 0, 0, 0, 2, 5, 27
"c:\Users\USER\Desktop\200000\venv\Include\site\python3.8\pygame\pgbufferproxy.h", "C++", 0, 0, 0, 0, 19, 0, 0, 0, 0, 25, 9, 53
"c:\Users\USER\Desktop\200000\venv\Include\site\python3.8\pygame\pgcompat.h", "C++", 0, 0, 0, 0, 132, 0, 0, 0, 0, 24, 40, 196
"c:\Users\USER\Desktop\200000\venv\Include\site\python3.8\pygame\pgopengl.h", "C++", 0, 0, 0, 0, 9, 0, 0, 0, 0, 3, 5, 17
"c:\Users\USER\Desktop\200000\venv\Include\site\python3.8\pygame\pygame.h", "C++", 0, 0, 0, 0, 4, 0, 0, 0, 0, 27, 4, 35
"c:\Users\USER\Desktop\200000\venv\Include\site\python3.8\pygame\scrap.h", "C++", 0, 0, 0, 0, 31, 0, 0, 0, 0, 99, 14, 144
"c:\Users\USER\Desktop\200000\venv\Include\site\python3.8\pygame\surface.h", "C++", 0, 0, 0, 0, 283, 0, 0, 0, 0, 32, 69, 384
"c:\Users\USER\Desktop\200000\venv\Lib\site-packages\_distutils_hack\__init__.py", "Python", 65, 0, 0, 0, 0, 0, 0, 0, 0, 3, 29, 97
"c:\Users\USER\Desktop\200000\venv\Lib\site-packages\_distutils_hack\override.py", "Python", 1, 0, 0, 0, 0, 0, 0, 0, 0, 0, 1, 2
"c:\Users\USER\Desktop\200000\venv\Lib\site-packages\easy_install.py", "Python", 4, 0, 0, 0, 0, 0, 0, 0, 0, 0, 2, 6
"c:\Users\USER\Desktop\200000\venv\Lib\site-packages\pip\__init__.py", "Python", 10, 0, 0, 0, 0, 0, 0, 0, 0, 1, 8, 19
"c:\Users\USER\Desktop\200000\venv\Lib\site-packages\pip\__main__.py", "Python", 11, 0, 0, 0, 0, 0, 0, 0, 0, 10, 6, 27
"c:\Users\USER\Desktop\200000\venv\Lib\site-packages\pip\_internal\__init__.py", "Python", 11, 0, 0, 0, 0, 0, 0, 0, 0, 1, 6, 18
"c:\Users\USER\Desktop\200000\venv\Lib\site-packages\pip\_internal\build_env.py", "Python", 190, 0, 0, 0, 0, 0, 0, 0, 0, 19, 33, 242
"c:\Users\USER\Desktop\200000\venv\Lib\site-packages\pip\_internal\cache.py", "Python", 236, 0, 0, 0, 0, 0, 0, 0, 0, 47, 64, 347
"c:\Users\USER\Desktop\200000\venv\Lib\site-packages\pip\_internal\cli\__init__.py", "Python", 2, 0, 0, 0, 0, 0, 0, 0, 0, 1, 2, 5
"c:\Users\USER\Desktop\200000\venv\Lib\site-packages\pip\_internal\cli\autocompletion.py", "Python", 124, 0, 0, 0, 0, 0, 0, 0, 0, 22, 19, 165
"c:\Users\USER\Desktop\200000\venv\Lib\site-packages\pip\_internal\cli\base_command.py", "Python", 190, 0, 0, 0, 0, 0, 0, 0, 0, 24, 40, 254
"c:\Users\USER\Desktop\200000\venv\Lib\site-packages\pip\_internal\cli\cmdoptions.py", "Python", 764, 0, 0, 0, 0, 0, 0, 0, 0, 65, 147, 976
"c:\Users\USER\Desktop\200000\venv\Lib\site-packages\pip\_internal\cli\command_context.py", "Python", 23, 0, 0, 0, 0, 0, 0, 0, 0, 3, 11, 37
"c:\Users\USER\Desktop\200000\venv\Lib\site-packages\pip\_internal\cli\main.py", "Python", 33, 0, 0, 0, 0, 0, 0, 0, 0, 27, 16, 76
"c:\Users\USER\Desktop\200000\venv\Lib\site-packages\pip\_internal\cli\main_parser.py", "Python", 58, 0, 0, 0, 0, 0, 0, 0, 0, 16, 26, 100
"c:\Users\USER\Desktop\200000\venv\Lib\site-packages\pip\_internal\cli\parser.py", "Python", 190, 0, 0, 0, 0, 0, 0, 0, 0, 21, 56, 267
"c:\Users\USER\Desktop\200000\venv\Lib\site-packages\pip\_internal\cli\progress_bars.py", "Python", 169, 0, 0, 0, 0, 0, 0, 0, 0, 46, 66, 281
"c:\Users\USER\Desktop\200000\venv\Lib\site-packages\pip\_internal\cli\req_command.py", "Python", 315, 0, 0, 0, 0, 0, 0, 0, 0, 34, 54, 403
"c:\Users\USER\Desktop\200000\venv\Lib\site-packages\pip\_internal\cli\spinners.py", "Python", 112, 0, 0, 0, 0, 0, 0, 0, 0, 33, 29, 174
"c:\Users\USER\Desktop\200000\venv\Lib\site-packages\pip\_internal\cli\status_codes.py", "Python", 7, 0, 0, 0, 0, 0, 0, 0, 0, 0, 2, 9
"c:\Users\USER\Desktop\200000\venv\Lib\site-packages\pip\_internal\commands\__init__.py", "Python", 91, 0, 0, 0, 0, 0, 0, 0, 0, 15, 17, 123
"c:\Users\USER\Desktop\200000\venv\Lib\site-packages\pip\_internal\commands\cache.py", "Python", 117, 0, 0, 0, 0, 0, 0, 0, 0, 26, 40, 183
"c:\Users\USER\Desktop\200000\venv\Lib\site-packages\pip\_internal\commands\check.py", "Python", 39, 0, 0, 0, 0, 0, 0, 0, 0, 1, 12, 52
"c:\Users\USER\Desktop\200000\venv\Lib\site-packages\pip\_internal\commands\completion.py", "Python", 84, 0, 0, 0, 0, 0, 0, 0, 0, 3, 12, 99
"c:\Users\USER\Desktop\200000\venv\Lib\site-packages\pip\_internal\commands\configuration.py", "Python", 215, 0, 0, 0, 0, 0, 0, 0, 0, 24, 46, 285
"c:\Users\USER\Desktop\200000\venv\Lib\site-packages\pip\_internal\commands\debug.py", "Python", 159, 0, 0, 0, 0, 0, 0, 0, 0, 22, 49, 230
"c:\Users\USER\Desktop\200000\venv\Lib\site-packages\pip\_internal\commands\download.py", "Python", 109, 0, 0, 0, 0, 0, 0, 0, 0, 4, 31, 144
"c:\Users\USER\Desktop\200000\venv\Lib\site-packages\pip\_internal\commands\freeze.py", "Python", 87, 0, 0, 0, 0, 0, 0, 0, 0, 2, 15, 104
"c:\Users\USER\Desktop\200000\venv\Lib\site-packages\pip\_internal\commands\hash.py", "Python", 47, 0, 0, 0, 0, 0, 0, 0, 0, 3, 14, 64
"c:\Users\USER\Desktop\200000\venv\Lib\site-packages\pip\_internal\commands\help.py", "Python", 30, 0, 0, 0, 0, 0, 0, 0, 0, 2, 13, 45
"c:\Users\USER\Desktop\200000\venv\Lib\site-packages\pip\_internal\commands\install.py", "Python", 616, 0, 0, 0, 0, 0, 0, 0, 0, 41, 108, 765
"c:\Users\USER\Desktop\200000\venv\Lib\site-packages\pip\_internal\commands\list.py", "Python", 245, 0, 0, 0, 0, 0, 0, 0, 0, 27, 49, 321
"c:\Users\USER\Desktop\200000\venv\Lib\site-packages\pip\_internal\commands\search.py", "Python", 122, 0, 0, 0, 0, 0, 0, 0, 0, 10, 28, 160
"c:\Users\USER\Desktop\200000\venv\Lib\site-packages\pip\_internal\commands\show.py", "Python", 147, 0, 0, 0, 0, 0, 0, 0, 0, 10, 30, 187
"c:\Users\USER\Desktop\200000\venv\Lib\site-packages\pip\_internal\commands\uninstall.py", "Python", 78, 0, 0, 0, 0, 0, 0, 0, 0, 2, 16, 96
"c:\Users\USER\Desktop\200000\venv\Lib\site-packages\pip\_internal\commands\wheel.py", "Python", 149, 0, 0, 0, 0, 0, 0, 0, 0, 5, 35, 189
"c:\Users\USER\Desktop\200000\venv\Lib\site-packages\pip\_internal\configuration.py", "Python", 284, 0, 0, 0, 0, 0, 0, 0, 0, 57, 78, 419
"c:\Users\USER\Desktop\200000\venv\Lib\site-packages\pip\_internal\distributions\__init__.py", "Python", 14, 0, 0, 0, 0, 0, 0, 0, 0, 5, 6, 25
"c:\Users\USER\Desktop\200000\venv\Lib\site-packages\pip\_internal\distributions\base.py", "Python", 29, 0, 0, 0, 0, 0, 0, 0, 0, 3, 14, 46
"c:\Users\USER\Desktop\200000\venv\Lib\site-packages\pip\_internal\distributions\installed.py", "Python", 15, 0, 0, 0, 0, 0, 0, 0, 0, 2, 8, 25
"c:\Users\USER\Desktop\200000\venv\Lib\site-packages\pip\_internal\distributions\sdist.py", "Python", 77, 0, 0, 0, 0, 0, 0, 0, 0, 11, 17, 105
"c:\Users\USER\Desktop\200000\venv\Lib\site-packages\pip\_internal\distributions\wheel.py", "Python", 24, 0, 0, 0, 0, 0, 0, 0, 0, 4, 9, 37
"c:\Users\USER\Desktop\200000\venv\Lib\site-packages\pip\_internal\exceptions.py", "Python", 252, 0, 0, 0, 0, 0, 0, 0, 0, 32, 98, 382
"c:\Users\USER\Desktop\200000\venv\Lib\site-packages\pip\_internal\index\__init__.py", "Python", 2, 0, 0, 0, 0, 0, 0, 0, 0, 0, 1, 3
"c:\Users\USER\Desktop\200000\venv\Lib\site-packages\pip\_internal\index\collector.py", "Python", 481, 0, 0, 0, 0, 0, 0, 0, 0, 86, 126, 693
"c:\Users\USER\Desktop\200000\venv\Lib\site-packages\pip\_internal\index\package_finder.py", "Python", 780, 0, 0, 0, 0, 0, 0, 0, 0, 87, 148, 1015
"c:\Users\USER\Desktop\200000\venv\Lib\site-packages\pip\_internal\locations.py", "Python", 135, 0, 0, 0, 0, 0, 0, 0, 0, 28, 32, 195
"c:\Users\USER\Desktop\200000\venv\Lib\site-packages\pip\_internal\main.py", "Python", 10, 0, 0, 0, 0, 0, 0, 0, 0, 1, 6, 17
"c:\Users\USER\Desktop\200000\venv\Lib\site-packages\pip\_internal\models\__init__.py", "Python", 2, 0, 0, 0, 0, 0, 0, 0, 0, 0, 1, 3
"c:\Users\USER\Desktop\200000\venv\Lib\site-packages\pip\_internal\models\candidate.py", "Python", 26, 0, 0, 0, 0, 0, 0, 0, 0, 3, 10, 39
"c:\Users\USER\Desktop\200000\venv\Lib\site-packages\pip\_internal\models\direct_url.py", "Python", 184, 0, 0, 0, 0, 0, 0, 0, 0, 17, 45, 246
"c:\Users\USER\Desktop\200000\venv\Lib\site-packages\pip\_internal\models\format_control.py", "Python", 69, 0, 0, 0, 0, 0, 0, 0, 0, 8, 16, 93
"c:\Users\USER\Desktop\200000\venv\Lib\site-packages\pip\_internal\models\index.py", "Python", 21, 0, 0, 0, 0, 0, 0, 0, 0, 5, 9, 35
"c:\Users\USER\Desktop\200000\venv\Lib\site-packages\pip\_internal\models\link.py", "Python", 174, 0, 0, 0, 0, 0, 0, 0, 0, 30, 42, 246
"c:\Users\USER\Desktop\200000\venv\Lib\site-packages\pip\_internal\models\scheme.py", "Python", 24, 0, 0, 0, 0, 0, 0, 0, 0, 0, 8, 32
"c:\Users\USER\Desktop\200000\venv\Lib\site-packages\pip\_internal\models\search_scope.py", "Python", 88, 0, 0, 0, 0, 0, 0, 0, 0, 23, 25, 136
"c:\Users\USER\Desktop\200000\venv\Lib\site-packages\pip\_internal\models\selection_prefs.py", "Python", 37, 0, 0, 0, 0, 0, 0, 0, 0, 5, 8, 50
"c:\Users\USER\Desktop\200000\venv\Lib\site-packages\pip\_internal\models\target_python.py", "Python", 95, 0, 0, 0, 0, 0, 0, 0, 0, 7, 19, 121
"c:\Users\USER\Desktop\200000\venv\Lib\site-packages\pip\_internal\models\wheel.py", "Python", 56, 0, 0, 0, 0, 0, 0, 0, 0, 7, 16, 79
"c:\Users\USER\Desktop\200000\venv\Lib\site-packages\pip\_internal\network\__init__.py", "Python", 2, 0, 0, 0, 0, 0, 0, 0, 0, 0, 1, 3
"c:\Users\USER\Desktop\200000\venv\Lib\site-packages\pip\_internal\network\auth.py", "Python", 195, 0, 0, 0, 0, 0, 0, 0, 0, 53, 61, 309
"c:\Users\USER\Desktop\200000\venv\Lib\site-packages\pip\_internal\network\cache.py", "Python", 52, 0, 0, 0, 0, 0, 0, 0, 0, 10, 18, 80
"c:\Users\USER\Desktop\200000\venv\Lib\site-packages\pip\_internal\network\download.py", "Python", 138, 0, 0, 0, 0, 0, 0, 0, 0, 12, 33, 183
"c:\Users\USER\Desktop\200000\venv\Lib\site-packages\pip\_internal\network\lazy_wheel.py", "Python", 167, 0, 0, 0, 0, 0, 0, 0, 0, 26, 41, 234
"c:\Users\USER\Desktop\200000\venv\Lib\site-packages\pip\_internal\network\session.py", "Python", 268, 0, 0, 0, 0, 0, 0, 0, 0, 79, 75, 422
"c:\Users\USER\Desktop\200000\venv\Lib\site-packages\pip\_internal\network\utils.py", "Python", 38, 0, 0, 0, 0, 0, 0, 0, 0, 49, 11, 98
"c:\Users\USER\Desktop\200000\venv\Lib\site-packages\pip\_internal\network\xmlrpc.py", "Python", 38, 0, 0, 0, 0, 0, 0, 0, 0, 4, 11, 53
"c:\Users\USER\Desktop\200000\venv\Lib\site-packages\pip\_internal\operations\__init__.py", "Python", 0, 0, 0, 0, 0, 0, 0, 0, 0, 0, 1, 1
"c:\Users\USER\Desktop\200000\venv\Lib\site-packages\pip\_internal\operations\build\__init__.py", "Python", 0, 0, 0, 0, 0, 0, 0, 0, 0, 0, 1, 1
"c:\Users\USER\Desktop\200000\venv\Lib\site-packages\pip\_internal\operations\build\metadata.py", "Python", 24, 0, 0, 0, 0, 0, 0, 0, 0, 4, 10, 38
"c:\Users\USER\Desktop\200000\venv\Lib\site-packages\pip\_internal\operations\build\metadata_legacy.py", "Python", 58, 0, 0, 0, 0, 0, 0, 0, 0, 3, 17, 78
"c:\Users\USER\Desktop\200000\venv\Lib\site-packages\pip\_internal\operations\build\wheel.py", "Python", 37, 0, 0, 0, 0, 0, 0, 0, 0, 2, 8, 47
"c:\Users\USER\Desktop\200000\venv\Lib\site-packages\pip\_internal\operations\build\wheel_legacy.py", "Python", 94, 0, 0, 0, 0, 0, 0, 0, 0, 4, 18, 116
"c:\Users\USER\Desktop\200000\venv\Lib\site-packages\pip\_internal\operations\check.py", "Python", 104, 0, 0, 0, 0, 0, 0, 0, 0, 16, 39, 159
"c:\Users\USER\Desktop\200000\venv\Lib\site-packages\pip\_internal\operations\freeze.py", "Python", 217, 0, 0, 0, 0, 0, 0, 0, 0, 24, 32, 273
"c:\Users\USER\Desktop\200000\venv\Lib\site-packages\pip\_internal\operations\install\__init__.py", "Python", 2, 0, 0, 0, 0, 0, 0, 0, 0, 0, 1, 3
"c:\Users\USER\Desktop\200000\venv\Lib\site-packages\pip\_internal\operations\install\editable_legacy.py", "Python", 42, 0, 0, 0, 0, 0, 0, 0, 0, 1, 10, 53
"c:\Users\USER\Desktop\200000\venv\Lib\site-packages\pip\_internal\operations\install\legacy.py", "Python", 100, 0, 0, 0, 0, 0, 0, 0, 0, 9, 22, 131
"c:\Users\USER\Desktop\200000\venv\Lib\site-packages\pip\_internal\operations\install\wheel.py", "Python", 588, 0, 0, 0, 0, 0, 0, 0, 0, 149, 125, 862
"c:\Users\USER\Desktop\200000\venv\Lib\site-packages\pip\_internal\operations\prepare.py", "Python", 386, 0, 0, 0, 0, 0, 0, 0, 0, 92, 85, 563
"c:\Users\USER\Desktop\200000\venv\Lib\site-packages\pip\_internal\pyproject.py", "Python", 122, 0, 0, 0, 0, 0, 0, 0, 0, 44, 31, 197
"c:\Users\USER\Desktop\200000\venv\Lib\site-packages\pip\_internal\req\__init__.py", "Python", 78, 0, 0, 0, 0, 0, 0, 0, 0, 5, 21, 104
"c:\Users\USER\Desktop\200000\venv\Lib\site-packages\pip\_internal\req\constructors.py", "Python", 383, 0, 0, 0, 0, 0, 0, 0, 0, 32, 72, 487
"c:\Users\USER\Desktop\200000\venv\Lib\site-packages\pip\_internal\req\req_file.py", "Python", 438, 0, 0, 0, 0, 0, 0, 0, 0, 57, 98, 593
"c:\Users\USER\Desktop\200000\venv\Lib\site-packages\pip\_internal\req\req_install.py", "Python", 673, 0, 0, 0, 0, 0, 0, 0, 0, 109, 111, 893
"c:\Users\USER\Desktop\200000\venv\Lib\site-packages\pip\_internal\req\req_set.py", "Python", 142, 0, 0, 0, 0, 0, 0, 0, 0, 28, 34, 204
"c:\Users\USER\Desktop\200000\venv\Lib\site-packages\pip\_internal\req\req_tracker.py", "Python", 101, 0, 0, 0, 0, 0, 0, 0, 0, 19, 31, 151
"c:\Users\USER\Desktop\200000\venv\Lib\site-packages\pip\_internal\req\req_uninstall.py", "Python", 471, 0, 0, 0, 0, 0, 0, 0, 0, 81, 97, 649
"c:\Users\USER\Desktop\200000\venv\Lib\site-packages\pip\_internal\resolution\__init__.py", "Python", 0, 0, 0, 0, 0, 0, 0, 0, 0, 0, 1, 1
"c:\Users\USER\Desktop\200000\venv\Lib\site-packages\pip\_internal\resolution\base.py", "Python", 13, 0, 0, 0, 0, 0, 0, 0, 0, 2, 6, 21
"c:\Users\USER\Desktop\200000\venv\Lib\site-packages\pip\_internal\resolution\legacy\__init__.py", "Python", 0, 0, 0, 0, 0, 0, 0, 0, 0, 0, 1, 1
"c:\Users\USER\Desktop\200000\venv\Lib\site-packages\pip\_internal\resolution\legacy\resolver.py", "Python", 352, 0, 0, 0, 0, 0, 0, 0, 0, 58, 76, 486
"c:\Users\USER\Desktop\200000\venv\Lib\site-packages\pip\_internal\resolution\resolvelib\__init__.py", "Python", 0, 0, 0, 0, 0, 0, 0, 0, 0, 0, 1, 1
"c:\Users\USER\Desktop\200000\venv\Lib\site-packages\pip\_internal\resolution\resolvelib\base.py", "Python", 48, 0, 0, 0, 0, 0, 0, 0, 0, 13, 22, 83
"c:\Users\USER\Desktop\200000\venv\Lib\site-packages\pip\_internal\resolution\resolvelib\candidates.py", "Python", 433, 0, 0, 0, 0, 0, 0, 0, 0, 75, 93, 601
"c:\Users\USER\Desktop\200000\venv\Lib\site-packages\pip\_internal\resolution\resolvelib\factory.py", "Python", 350, 0, 0, 0, 0, 0, 0, 0, 0, 53, 57, 460
"c:\Users\USER\Desktop\200000\venv\Lib\site-packages\pip\_internal\resolution\resolvelib\provider.py", "Python", 86, 0, 0, 0, 0, 0, 0, 0, 0, 46, 22, 154
"c:\Users\USER\Desktop\200000\venv\Lib\site-packages\pip\_internal\resolution\resolvelib\requirements.py", "Python", 78, 0, 0, 0, 0, 0, 0, 0, 0, 30, 30, 138
"c:\Users\USER\Desktop\200000\venv\Lib\site-packages\pip\_internal\resolution\resolvelib\resolver.py", "Python", 194, 0, 0, 0, 0, 0, 0, 0, 0, 20, 45, 259
"c:\Users\USER\Desktop\200000\venv\Lib\site-packages\pip\_internal\self_outdated_check.py", "Python", 137, 0, 0, 0, 0, 0, 0, 0, 0, 29, 40, 206
"c:\Users\USER\Desktop\200000\venv\Lib\site-packages\pip\_internal\utils\__init__.py", "Python", 0, 0, 0, 0, 0, 0, 0, 0, 0, 0, 1, 1
"c:\Users\USER\Desktop\200000\venv\Lib\site-packages\pip\_internal\utils\appdirs.py", "Python", 26, 0, 0, 0, 0, 0, 0, 0, 0, 6, 13, 45
"c:\Users\USER\Desktop\200000\venv\Lib\site-packages\pip\_internal\utils\compat.py", "Python", 179, 0, 0, 0, 0, 0, 0, 0, 0, 44, 49, 272
"c:\Users\USER\Desktop\200000\venv\Lib\site-packages\pip\_internal\utils\compatibility_tags.py", "Python", 115, 0, 0, 0, 0, 0, 0, 0, 0, 23, 29, 167
"c:\Users\USER\Desktop\200000\venv\Lib\site-packages\pip\_internal\utils\datetime.py", "Python", 8, 0, 0, 0, 0, 0, 0, 0, 0, 1, 6, 15
"c:\Users\USER\Desktop\200000\venv\Lib\site-packages\pip\_internal\utils\deprecation.py", "Python", 67, 0, 0, 0, 0, 0, 0, 0, 0, 12, 26, 105
"c:\Users\USER\Desktop\200000\venv\Lib\site-packages\pip\_internal\utils\direct_url_helpers.py", "Python", 101, 0, 0, 0, 0, 0, 0, 0, 0, 16, 14, 131
"c:\Users\USER\Desktop\200000\venv\Lib\site-packages\pip\_internal\utils\distutils_args.py", "Python", 34, 0, 0, 0, 0, 0, 0, 0, 0, 5, 10, 49
"c:\Users\USER\Desktop\200000\venv\Lib\site-packages\pip\_internal\utils\encoding.py", "Python", 32, 0, 0, 0, 0, 0, 0, 0, 0, 2, 8, 42
"c:\Users\USER\Desktop\200000\venv\Lib\site-packages\pip\_internal\utils\entrypoints.py", "Python", 24, 0, 0, 0, 0, 0, 0, 0, 0, 1, 7, 32
"c:\Users\USER\Desktop\200000\venv\Lib\site-packages\pip\_internal\utils\filesystem.py", "Python", 147, 0, 0, 0, 0, 0, 0, 0, 0, 37, 41, 225
"c:\Users\USER\Desktop\200000\venv\Lib\site-packages\pip\_internal\utils\filetypes.py", "Python", 14, 0, 0, 0, 0, 0, 0, 0, 0, 0, 3, 17
"c:\Users\USER\Desktop\200000\venv\Lib\site-packages\pip\_internal\utils\glibc.py", "Python", 44, 0, 0, 0, 0, 0, 0, 0, 0, 37, 18, 99
"c:\Users\USER\Desktop\200000\venv\Lib\site-packages\pip\_internal\utils\hashes.py", "Python", 96, 0, 0, 0, 0, 0, 0, 0, 0, 18, 32, 146
"c:\Users\USER\Desktop\200000\venv\Lib\site-packages\pip\_internal\utils\inject_securetransport.py", "Python", 22, 0, 0, 0, 0, 0, 0, 0, 0, 3, 12, 37
"c:\Users\USER\Desktop\200000\venv\Lib\site-packages\pip\_internal\utils\logging.py", "Python", 279, 0, 0, 0, 0, 0, 0, 0, 0, 53, 68, 400
"c:\Users\USER\Desktop\200000\venv\Lib\site-packages\pip\_internal\utils\misc.py", "Python", 640, 0, 0, 0, 0, 0, 0, 0, 0, 106, 197, 943
"c:\Users\USER\Desktop\200000\venv\Lib\site-packages\pip\_internal\utils\models.py", "Python", 28, 0, 0, 0, 0, 0, 0, 0, 0, 2, 15, 45
"c:\Users\USER\Desktop\200000\venv\Lib\site-packages\pip\_internal\utils\packaging.py", "Python", 63, 0, 0, 0, 0, 0, 0, 0, 0, 9, 23, 95
"c:\Users\USER\Desktop\200000\venv\Lib\site-packages\pip\_internal\utils\parallel.py", "Python", 71, 0, 0, 0, 0, 0, 0, 0, 0, 9, 28, 108
"c:\Users\USER\Desktop\200000\venv\Lib\site-packages\pip\_internal\utils\pkg_resources.py", "Python", 26, 0, 0, 0, 0, 0, 0, 0, 0, 8, 11, 45
"c:\Users\USER\Desktop\200000\venv\Lib\site-packages\pip\_internal\utils\setuptools_build.py", "Python", 134, 0, 0, 0, 0, 0, 0, 0, 0, 16, 32, 182
"c:\Users\USER\Desktop\200000\venv\Lib\site-packages\pip\_internal\utils\subprocess.py", "Python", 200, 0, 0, 0, 0, 0, 0, 0, 0, 50, 31, 281
"c:\Users\USER\Desktop\200000\venv\Lib\site-packages\pip\_internal\utils\temp_dir.py", "Python", 186, 0, 0, 0, 0, 0, 0, 0, 0, 34, 55, 275
"c:\Users\USER\Desktop\200000\venv\Lib\site-packages\pip\_internal\utils\typing.py", "Python", 25, 0, 0, 0, 0, 0, 0, 0, 0, 2, 12, 39
"c:\Users\USER\Desktop\200000\venv\Lib\site-packages\pip\_internal\utils\unpacking.py", "Python", 226, 0, 0, 0, 0, 0, 0, 0, 0, 26, 30, 282
"c:\Users\USER\Desktop\200000\venv\Lib\site-packages\pip\_internal\utils\urls.py", "Python", 38, 0, 0, 0, 0, 0, 0, 0, 0, 5, 13, 56
"c:\Users\USER\Desktop\200000\venv\Lib\site-packages\pip\_internal\utils\virtualenv.py", "Python", 76, 0, 0, 0, 0, 0, 0, 0, 0, 12, 29, 117
"c:\Users\USER\Desktop\200000\venv\Lib\site-packages\pip\_internal\utils\wheel.py", "Python", 151, 0, 0, 0, 0, 0, 0, 0, 0, 23, 52, 226
"c:\Users\USER\Desktop\200000\venv\Lib\site-packages\pip\_internal\vcs\__init__.py", "Python", 10, 0, 0, 0, 0, 0, 0, 0, 0, 5, 1, 16
"c:\Users\USER\Desktop\200000\venv\Lib\site-packages\pip\_internal\vcs\bazaar.py", "Python", 86, 0, 0, 0, 0, 0, 0, 0, 0, 11, 23, 120
"c:\Users\USER\Desktop\200000\venv\Lib\site-packages\pip\_internal\vcs\git.py", "Python", 287, 0, 0, 0, 0, 0, 0, 0, 0, 48, 63, 398
"c:\Users\USER\Desktop\200000\venv\Lib\site-packages\pip\_internal\vcs\mercurial.py", "Python", 128, 0, 0, 0, 0, 0, 0, 0, 0, 7, 24, 159
"c:\Users\USER\Desktop\200000\venv\Lib\site-packages\pip\_internal\vcs\subversion.py", "Python", 227, 0, 0, 0, 0, 0, 0, 0, 0, 55, 55, 337
"c:\Users\USER\Desktop\200000\venv\Lib\site-packages\pip\_internal\vcs\versioncontrol.py", "Python", 619, 0, 0, 0, 0, 0, 0, 0, 0, 70, 123, 812
"c:\Users\USER\Desktop\200000\venv\Lib\site-packages\pip\_internal\wheel_builder.py", "Python", 235, 0, 0, 0, 0, 0, 0, 0, 0, 26, 48, 309
"c:\Users\USER\Desktop\200000\venv\Lib\site-packages\pip\_vendor\__init__.py", "Python", 78, 0, 0, 0, 0, 0, 0, 0, 0, 22, 11, 111
"c:\Users\USER\Desktop\200000\venv\Lib\site-packages\pip\_vendor\appdirs.py", "Python", 507, 0, 0, 0, 0, 0, 0, 0, 0, 34, 93, 634
"c:\Users\USER\Desktop\200000\venv\Lib\site-packages\pip\_vendor\cachecontrol\__init__.py", "Python", 9, 0, 0, 0, 0, 0, 0, 0, 0, 0, 3, 12
"c:\Users\USER\Desktop\200000\venv\Lib\site-packages\pip\_vendor\cachecontrol\_cmd.py", "Python", 35, 0, 0, 0, 0, 0, 0, 0, 0, 4, 19, 58
"c:\Users\USER\Desktop\200000\venv\Lib\site-packages\pip\_vendor\cachecontrol\adapter.py", "Python", 92, 0, 0, 0, 0, 0, 0, 0, 0, 17, 25, 134
"c:\Users\USER\Desktop\200000\venv\Lib\site-packages\pip\_vendor\cachecontrol\cache.py", "Python", 27, 0, 0, 0, 0, 0, 0, 0, 0, 0, 13, 40
"c:\Users\USER\Desktop\200000\venv\Lib\site-packages\pip\_vendor\cachecontrol\caches\__init__.py", "Python", 2, 0, 0, 0, 0, 0, 0, 0, 0, 0, 1, 3
"c:\Users\USER\Desktop\200000\venv\Lib\site-packages\pip\_vendor\cachecontrol\caches\file_cache.py", "Python", 96, 0, 0, 0, 0, 0, 0, 0, 0, 21, 30, 147
"c:\Users\USER\Desktop\200000\venv\Lib\site-packages\pip\_vendor\cachecontrol\caches\redis_cache.py", "Python", 24, 0, 0, 0, 0, 0, 0, 0, 0, 0, 10, 34
"c:\Users\USER\Desktop\200000\venv\Lib\site-packages\pip\_vendor\cachecontrol\compat.py", "Python", 20, 0, 0, 0, 0, 0, 0, 0, 0, 3, 7, 30
"c:\Users\USER\Desktop\200000\venv\Lib\site-packages\pip\_vendor\cachecontrol\controller.py", "Python", 248, 0, 0, 0, 0, 0, 0, 0, 0, 60, 69, 377
"c:\Users\USER\Desktop\200000\venv\Lib\site-packages\pip\_vendor\cachecontrol\filewrapper.py", "Python", 45, 0, 0, 0, 0, 0, 0, 0, 0, 17, 19, 81
"c:\Users\USER\Desktop\200000\venv\Lib\site-packages\pip\_vendor\cachecontrol\heuristics.py", "Python", 98, 0, 0, 0, 0, 0, 0, 0, 0, 0, 38, 136
"c:\Users\USER\Desktop\200000\venv\Lib\site-packages\pip\_vendor\cachecontrol\serialize.py", "Python", 106, 0, 0, 0, 0, 0, 0, 0, 0, 46, 37, 189
"c:\Users\USER\Desktop\200000\venv\Lib\site-packages\pip\_vendor\cachecontrol\wrapper.py", "Python", 25, 0, 0, 0, 0, 0, 0, 0, 0, 0, 5, 30
"c:\Users\USER\Desktop\200000\venv\Lib\site-packages\pip\_vendor\certifi\__init__.py", "Python", 2, 0, 0, 0, 0, 0, 0, 0, 0, 0, 2, 4
"c:\Users\USER\Desktop\200000\venv\Lib\site-packages\pip\_vendor\certifi\__main__.py", "Python", 9, 0, 0, 0, 0, 0, 0, 0, 0, 0, 4, 13
"c:\Users\USER\Desktop\200000\venv\Lib\site-packages\pip\_vendor\certifi\core.py", "Python", 26, 0, 0, 0, 0, 0, 0, 0, 0, 22, 13, 61
"c:\Users\USER\Desktop\200000\venv\Lib\site-packages\pip\_vendor\chardet\__init__.py", "Python", 18, 0, 0, 0, 0, 0, 0, 0, 0, 16, 6, 40
"c:\Users\USER\Desktop\200000\venv\Lib\site-packages\pip\_vendor\chardet\big5freq.py", "Python", 340, 0, 0, 0, 0, 0, 0, 0, 0, 41, 6, 387
"c:\Users\USER\Desktop\200000\venv\Lib\site-packages\pip\_vendor\chardet\big5prober.py", "Python", 16, 0, 0, 0, 0, 0, 0, 0, 0, 26, 6, 48
"c:\Users\USER\Desktop\200000\venv\Lib\site-packages\pip\_vendor\chardet\chardistribution.py", "Python", 134, 0, 0, 0, 0, 0, 0, 0, 0, 70, 30, 234
"c:\Users\USER\Desktop\200000\venv\Lib\site-packages\pip\_vendor\chardet\charsetgroupprober.py", "Python", 72, 0, 0, 0, 0, 0, 0, 0, 0, 26, 9, 107
"c:\Users\USER\Desktop\200000\venv\Lib\site-packages\pip\_vendor\chardet\charsetprober.py", "Python", 76, 0, 0, 0, 0, 0, 0, 0, 0, 44, 26, 146
"c:\Users\USER\Desktop\200000\venv\Lib\site-packages\pip\_vendor\chardet\cli\__init__.py", "Python", 0, 0, 0, 0, 0, 0, 0, 0, 0, 0, 2, 2
"c:\Users\USER\Desktop\200000\venv\Lib\site-packages\pip\_vendor\chardet\cli\chardetect.py", "Python", 66, 0, 0, 0, 0, 0, 0, 0, 0, 3, 17, 86
"c:\Users\USER\Desktop\200000\venv\Lib\site-packages\pip\_vendor\chardet\codingstatemachine.py", "Python", 47, 0, 0, 0, 0, 0, 0, 0, 0, 29, 13, 89
"c:\Users\USER\Desktop\200000\venv\Lib\site-packages\pip\_vendor\chardet\compat.py", "Python", 11, 0, 0, 0, 0, 0, 0, 0, 0, 20, 4, 35
"c:\Users\USER\Desktop\200000\venv\Lib\site-packages\pip\_vendor\chardet\cp949prober.py", "Python", 16, 0, 0, 0, 0, 0, 0, 0, 0, 28, 6, 50
"c:\Users\USER\Desktop\200000\venv\Lib\site-packages\pip\_vendor\chardet\enums.py", "Python", 61, 0, 0, 0, 0, 0, 0, 0, 0, 0, 16, 77
"c:\Users\USER\Desktop\200000\venv\Lib\site-packages\pip\_vendor\chardet\escprober.py", "Python", 65, 0, 0, 0, 0, 0, 0, 0, 0, 26, 11, 102
"c:\Users\USER\Desktop\200000\venv\Lib\site-packages\pip\_vendor\chardet\escsm.py", "Python", 201, 0, 0, 0, 0, 0, 0, 0, 0, 26, 20, 247
"c:\Users\USER\Desktop\200000\venv\Lib\site-packages\pip\_vendor\chardet\eucjpprober.py", "Python", 54, 0, 0, 0, 0, 0, 0, 0, 0, 27, 12, 93
"c:\Users\USER\Desktop\200000\venv\Lib\site-packages\pip\_vendor\chardet\euckrfreq.py", "Python", 151, 0, 0, 0, 0, 0, 0, 0, 0, 38, 7, 196
"c:\Users\USER\Desktop\200000\venv\Lib\site-packages\pip\_vendor\chardet\euckrprober.py", "Python", 16, 0, 0, 0, 0, 0, 0, 0, 0, 26, 6, 48
"c:\Users\USER\Desktop\200000\venv\Lib\site-packages\pip\_vendor\chardet\euctwfreq.py", "Python", 340, 0, 0, 0, 0, 0, 0, 0, 0, 41, 7, 388
"c:\Users\USER\Desktop\200000\venv\Lib\site-packages\pip\_vendor\chardet\euctwprober.py", "Python", 16, 0, 0, 0, 0, 0, 0, 0, 0, 26, 5, 47
"c:\Users\USER\Desktop\200000\venv\Lib\site-packages\pip\_vendor\chardet\gb2312freq.py", "Python", 239, 0, 0, 0, 0, 0, 0, 0, 0, 38, 7, 284
"c:\Users\USER\Desktop\200000\venv\Lib\site-packages\pip\_vendor\chardet\gb2312prober.py", "Python", 16, 0, 0, 0, 0, 0, 0, 0, 0, 26, 5, 47
"c:\Users\USER\Desktop\200000\venv\Lib\site-packages\pip\_vendor\chardet\hebrewprober.py", "Python", 83, 0, 0, 0, 0, 0, 0, 0, 0, 186, 24, 293
"c:\Users\USER\Desktop\200000\venv\Lib\site-packages\pip\_vendor\chardet\jisfreq.py", "Python", 277, 0, 0, 0, 0, 0, 0, 0, 0, 41, 8, 326
"c:\Users\USER\Desktop\200000\venv\Lib\site-packages\pip\_vendor\chardet\jpcntx.py", "Python", 169, 0, 0, 0, 0, 0, 0, 0, 0, 44, 21, 234
"c:\Users\USER\Desktop\200000\venv\Lib\site-packages\pip\_vendor\chardet\langbulgarianmodel.py", "Python", 182, 0, 0, 0, 0, 0, 0, 0, 0, 39, 8, 229
"c:\Users\USER\Desktop\200000\venv\Lib\site-packages\pip\_vendor\chardet\langcyrillicmodel.py", "Python", 286, 0, 0, 0, 0, 0, 0, 0, 0, 34, 14, 334
"c:\Users\USER\Desktop\200000\venv\Lib\site-packages\pip\_vendor\chardet\langgreekmodel.py", "Python", 182, 0, 0, 0, 0, 0, 0, 0, 0, 37, 7, 226
"c:\Users\USER\Desktop\200000\venv\Lib\site-packages\pip\_vendor\chardet\langhebrewmodel.py", "Python", 156, 0, 0, 0, 0, 0, 0, 0, 0, 40, 5, 201
"c:\Users\USER\Desktop\200000\venv\Lib\site-packages\pip\_vendor\chardet\langhungarianmodel.py", "Python", 182, 0, 0, 0, 0, 0, 0, 0, 0, 37, 7, 226
"c:\Users\USER\Desktop\200000\venv\Lib\site-packages\pip\_vendor\chardet\langthaimodel.py", "Python", 156, 0, 0, 0, 0, 0, 0, 0, 0, 38, 6, 200
"c:\Users\USER\Desktop\200000\venv\Lib\site-packages\pip\_vendor\chardet\langturkishmodel.py", "Python", 156, 0, 0, 0, 0, 0, 0, 0, 0, 33, 5, 194
"c:\Users\USER\Desktop\200000\venv\Lib\site-packages\pip\_vendor\chardet\latin1prober.py", "Python", 97, 0, 0, 0, 0, 0, 0, 0, 0, 34, 15, 146
"c:\Users\USER\Desktop\200000\venv\Lib\site-packages\pip\_vendor\chardet\mbcharsetprober.py", "Python", 51, 0, 0, 0, 0, 0, 0, 0, 0, 28, 13, 92
"c:\Users\USER\Desktop\200000\venv\Lib\site-packages\pip\_vendor\chardet\mbcsgroupprober.py", "Python", 23, 0, 0, 0, 0, 0, 0, 0, 0, 28, 4, 55
"c:\Users\USER\Desktop\200000\venv\Lib\site-packages\pip\_vendor\chardet\mbcssm.py", "Python", 476, 0, 0, 0, 0, 0, 0, 0, 0, 44, 53, 573
"c:\Users\USER\Desktop\200000\venv\Lib\site-packages\pip\_vendor\chardet\sbcharsetprober.py", "Python", 83, 0, 0, 0, 0, 0, 0, 0, 0, 38, 12, 133
"c:\Users\USER\Desktop\200000\venv\Lib\site-packages\pip\_vendor\chardet\sbcsgroupprober.py", "Python", 37, 0, 0, 0, 0, 0, 0, 0, 0, 32, 5, 74
"c:\Users\USER\Desktop\200000\venv\Lib\site-packages\pip\_vendor\chardet\sjisprober.py", "Python", 55, 0, 0, 0, 0, 0, 0, 0, 0, 26, 12, 93
"c:\Users\USER\Desktop\200000\venv\Lib\site-packages\pip\_vendor\chardet\universaldetector.py", "Python", 202, 0, 0, 0, 0, 0, 0, 0, 0, 55, 30, 287
"c:\Users\USER\Desktop\200000\venv\Lib\site-packages\pip\_vendor\chardet\utf8prober.py", "Python", 44, 0, 0, 0, 0, 0, 0, 0, 0, 26, 13, 83
"c:\Users\USER\Desktop\200000\venv\Lib\site-packages\pip\_vendor\chardet\version.py", "Python", 7, 0, 0, 0, 0, 0, 0, 0, 0, 0, 3, 10
"c:\Users\USER\Desktop\200000\venv\Lib\site-packages\pip\_vendor\colorama\__init__.py", "Python", 4, 0, 0, 0, 0, 0, 0, 0, 0, 1, 2, 7
"c:\Users\USER\Desktop\200000\venv\Lib\site-packages\pip\_vendor\colorama\ansi.py", "Python", 77, 0, 0, 0, 0, 0, 0, 0, 0, 6, 20, 103
"c:\Users\USER\Desktop\200000\venv\Lib\site-packages\pip\_vendor\colorama\ansitowin32.py", "Python", 195, 0, 0, 0, 0, 0, 0, 0, 0, 23, 40, 258
"c:\Users\USER\Desktop\200000\venv\Lib\site-packages\pip\_vendor\colorama\initialise.py", "Python", 57, 0, 0, 0, 0, 0, 0, 0, 0, 1, 23, 81
"c:\Users\USER\Desktop\200000\venv\Lib\site-packages\pip\_vendor\colorama\win32.py", "Python", 123, 0, 0, 0, 0, 0, 0, 0, 0, 10, 20, 153
"c:\Users\USER\Desktop\200000\venv\Lib\site-packages\pip\_vendor\colorama\winterm.py", "Python", 123, 0, 0, 0, 0, 0, 0, 0, 0, 28, 19, 170
"c:\Users\USER\Desktop\200000\venv\Lib\site-packages\pip\_vendor\contextlib2.py", "Python", 341, 0, 0, 0, 0, 0, 0, 0, 0, 72, 106, 519
"c:\Users\USER\Desktop\200000\venv\Lib\site-packages\pip\_vendor\distlib\__init__.py", "Python", 13, 0, 0, 0, 0, 0, 0, 0, 0, 6, 5, 24
"c:\Users\USER\Desktop\200000\venv\Lib\site-packages\pip\_vendor\distlib\_backport\__init__.py", "Python", 5, 0, 0, 0, 0, 0, 0, 0, 0, 0, 2, 7
"c:\Users\USER\Desktop\200000\venv\Lib\site-packages\pip\_vendor\distlib\_backport\misc.py", "Python", 27, 0, 0, 0, 0, 0, 0, 0, 0, 5, 10, 42
"c:\Users\USER\Desktop\200000\venv\Lib\site-packages\pip\_vendor\distlib\_backport\shutil.py", "Python", 605, 0, 0, 0, 0, 0, 0, 0, 0, 32, 128, 765
"c:\Users\USER\Desktop\200000\venv\Lib\site-packages\pip\_vendor\distlib\_backport\sysconfig.cfg", "Properties", 0, 0, 0, 72, 0, 0, 0, 0, 0, 4, 9, 85
"c:\Users\USER\Desktop\200000\venv\Lib\site-packages\pip\_vendor\distlib\_backport\sysconfig.py", "Python", 545, 0, 0, 0, 0, 0, 0, 0, 0, 112, 130, 787
"c:\Users\USER\Desktop\200000\venv\Lib\site-packages\pip\_vendor\distlib\_backport\tarfile.py", "Python", 1995, 0, 0, 0, 0, 0, 0, 0, 0, 270, 343, 2608
"c:\Users\USER\Desktop\200000\venv\Lib\site-packages\pip\_vendor\distlib\compat.py", "Python", 867, 0, 0, 0, 0, 0, 0, 0, 0, 91, 163, 1121
"c:\Users\USER\Desktop\200000\venv\Lib\site-packages\pip\_vendor\distlib\database.py", "Python", 1116, 0, 0, 0, 0, 0, 0, 0, 0, 44, 180, 1340
"c:\Users\USER\Desktop\200000\venv\Lib\site-packages\pip\_vendor\distlib\index.py", "Python", 451, 0, 0, 0, 0, 0, 0, 0, 0, 21, 45, 517
"c:\Users\USER\Desktop\200000\venv\Lib\site-packages\pip\_vendor\distlib\locators.py", "Python", 1114, 0, 0, 0, 0, 0, 0, 0, 0, 76, 113, 1303
"c:\Users\USER\Desktop\200000\venv\Lib\site-packages\pip\_vendor\distlib\manifest.py", "Python", 275, 0, 0, 0, 0, 0, 0, 0, 0, 51, 68, 394
"c:\Users\USER\Desktop\200000\venv\Lib\site-packages\pip\_vendor\distlib\markers.py", "Python", 106, 0, 0, 0, 0, 0, 0, 0, 0, 9, 17, 132
"c:\Users\USER\Desktop\200000\venv\Lib\site-packages\pip\_vendor\distlib\metadata.py", "Python", 840, 0, 0, 0, 0, 0, 0, 0, 0, 64, 153, 1057
"c:\Users\USER\Desktop\200000\venv\Lib\site-packages\pip\_vendor\distlib\resources.py", "Python", 280, 0, 0, 0, 0, 0, 0, 0, 0, 14, 62, 356
"c:\Users\USER\Desktop\200000\venv\Lib\site-packages\pip\_vendor\distlib\scripts.py", "Python", 333, 0, 0, 0, 0, 0, 0, 0, 0, 46, 41, 420
"c:\Users\USER\Desktop\200000\venv\Lib\site-packages\pip\_vendor\distlib\util.py", "Python", 1420, 0, 0, 0, 0, 0, 0, 0, 0, 125, 217, 1762
"c:\Users\USER\Desktop\200000\venv\Lib\site-packages\pip\_vendor\distlib\version.py", "Python", 522, 0, 0, 0, 0, 0, 0, 0, 0, 86, 129, 737
"c:\Users\USER\Desktop\200000\venv\Lib\site-packages\pip\_vendor\distlib\wheel.py", "Python", 849, 0, 0, 0, 0, 0, 0, 0, 0, 67, 103, 1019
"c:\Users\USER\Desktop\200000\venv\Lib\site-packages\pip\_vendor\distro.py", "Python", 895, 0, 0, 0, 0, 0, 0, 0, 0, 88, 248, 1231
"c:\Users\USER\Desktop\200000\venv\Lib\site-packages\pip\_vendor\html5lib\__init__.py", "Python", 25, 0, 0, 0, 0, 0, 0, 0, 0, 2, 9, 36
"c:\Users\USER\Desktop\200000\venv\Lib\site-packages\pip\_vendor\html5lib\_ihatexml.py", "Python", 223, 0, 0, 0, 0, 0, 0, 0, 0, 18, 49, 290
"c:\Users\USER\Desktop\200000\venv\Lib\site-packages\pip\_vendor\html5lib\_inputstream.py", "Python", 675, 0, 0, 0, 0, 0, 0, 0, 0, 98, 146, 919
"c:\Users\USER\Desktop\200000\venv\Lib\site-packages\pip\_vendor\html5lib\_tokenizer.py", "Python", 1550, 0, 0, 0, 0, 0, 0, 0, 0, 74, 112, 1736
"c:\Users\USER\Desktop\200000\venv\Lib\site-packages\pip\_vendor\html5lib\_trie\__init__.py", "Python", 3, 0, 0, 0, 0, 0, 0, 0, 0, 0, 3, 6
"c:\Users\USER\Desktop\200000\venv\Lib\site-packages\pip\_vendor\html5lib\_trie\_base.py", "Python", 27, 0, 0, 0, 0, 0, 0, 0, 0, 1, 13, 41
"c:\Users\USER\Desktop\200000\venv\Lib\site-packages\pip\_vendor\html5lib\_trie\py.py", "Python", 48, 0, 0, 0, 0, 0, 0, 0, 0, 0, 20, 68
"c:\Users\USER\Desktop\200000\venv\Lib\site-packages\pip\_vendor\html5lib\_utils.py", "Python", 107, 0, 0, 0, 0, 0, 0, 0, 0, 13, 40, 160
"c:\Users\USER\Desktop\200000\venv\Lib\site-packages\pip\_vendor\html5lib\constants.py", "Python", 2907, 0, 0, 0, 0, 0, 0, 0, 0, 5, 35, 2947
"c:\Users\USER\Desktop\200000\venv\Lib\site-packages\pip\_vendor\html5lib\filters\__init__.py", "Python", 0, 0, 0, 0, 0, 0, 0, 0, 0, 0, 1, 1
"c:\Users\USER\Desktop\200000\venv\Lib\site-packages\pip\_vendor\html5lib\filters\alphabeticalattributes.py", "Python", 21, 0, 0, 0, 0, 0, 0, 0, 0, 0, 9, 30
"c:\Users\USER\Desktop\200000\venv\Lib\site-packages\pip\_vendor\html5lib\filters\base.py", "Python", 8, 0, 0, 0, 0, 0, 0, 0, 0, 0, 5, 13
"c:\Users\USER\Desktop\200000\venv\Lib\site-packages\pip\_vendor\html5lib\filters\inject_meta_charset.py", "Python", 58, 0, 0, 0, 0, 0, 0, 0, 0, 3, 13, 74
"c:\Users\USER\Desktop\200000\venv\Lib\site-packages\pip\_vendor\html5lib\filters\lint.py", "Python", 74, 0, 0, 0, 0, 0, 0, 0, 0, 0, 20, 94
"c:\Users\USER\Desktop\200000\venv\Lib\site-packages\pip\_vendor\html5lib\filters\optionaltags.py", "Python", 116, 0, 0, 0, 0, 0, 0, 0, 0, 85, 7, 208
"c:\Users\USER\Desktop\200000\venv\Lib\site-packages\pip\_vendor\html5lib\filters\sanitizer.py", "Python", 839, 0, 0, 0, 0, 0, 0, 0, 0, 27, 51, 917
"c:\Users\USER\Desktop\200000\venv\Lib\site-packages\pip\_vendor\html5lib\filters\whitespace.py", "Python", 25, 0, 0, 0, 0, 0, 0, 0, 0, 1, 13, 39
"c:\Users\USER\Desktop\200000\venv\Lib\site-packages\pip\_vendor\html5lib\html5parser.py", "Python", 2143, 0, 0, 0, 0, 0, 0, 0, 0, 187, 466, 2796
"c:\Users\USER\Desktop\200000\venv\Lib\site-packages\pip\_vendor\html5lib\serializer.py", "Python", 312, 0, 0, 0, 0, 0, 0, 0, 0, 15, 83, 410
"c:\Users\USER\Desktop\200000\venv\Lib\site-packages\pip\_vendor\html5lib\treeadapters\__init__.py", "Python", 21, 0, 0, 0, 0, 0, 0, 0, 0, 0, 10, 31
"c:\Users\USER\Desktop\200000\venv\Lib\site-packages\pip\_vendor\html5lib\treeadapters\genshi.py", "Python", 41, 0, 0, 0, 0, 0, 0, 0, 0, 0, 14, 55
"c:\Users\USER\Desktop\200000\venv\Lib\site-packages\pip\_vendor\html5lib\treeadapters\sax.py", "Python", 40, 0, 0, 0, 0, 0, 0, 0, 0, 0, 11, 51
"c:\Users\USER\Desktop\200000\venv\Lib\site-packages\pip\_vendor\html5lib\treebuilders\__init__.py", "Python", 64, 0, 0, 0, 0, 0, 0, 0, 0, 3, 22, 89
"c:\Users\USER\Desktop\200000\venv\Lib\site-packages\pip\_vendor\html5lib\treebuilders\base.py", "Python", 284, 0, 0, 0, 0, 0, 0, 0, 0, 48, 86, 418
"c:\Users\USER\Desktop\200000\venv\Lib\site-packages\pip\_vendor\html5lib\treebuilders\dom.py", "Python", 190, 0, 0, 0, 0, 0, 0, 0, 0, 3, 47, 240
"c:\Users\USER\Desktop\200000\venv\Lib\site-packages\pip\_vendor\html5lib\treebuilders\etree.py", "Python", 271, 0, 0, 0, 0, 0, 0, 0, 0, 8, 65, 344
"c:\Users\USER\Desktop\200000\venv\Lib\site-packages\pip\_vendor\html5lib\treebuilders\etree_lxml.py", "Python", 302, 0, 0, 0, 0, 0, 0, 0, 0, 15, 76, 393
"c:\Users\USER\Desktop\200000\venv\Lib\site-packages\pip\_vendor\html5lib\treewalkers\__init__.py", "Python", 122, 0, 0, 0, 0, 0, 0, 0, 0, 4, 29, 155
"c:\Users\USER\Desktop\200000\venv\Lib\site-packages\pip\_vendor\html5lib\treewalkers\base.py", "Python", 182, 0, 0, 0, 0, 0, 0, 0, 0, 0, 71, 253
"c:\Users\USER\Desktop\200000\venv\Lib\site-packages\pip\_vendor\html5lib\treewalkers\dom.py", "Python", 31, 0, 0, 0, 0, 0, 0, 0, 0, 0, 13, 44
"c:\Users\USER\Desktop\200000\venv\Lib\site-packages\pip\_vendor\html5lib\treewalkers\etree.py", "Python", 105, 0, 0, 0, 0, 0, 0, 0, 0, 1, 26, 132
"c:\Users\USER\Desktop\200000\venv\Lib\site-packages\pip\_vendor\html5lib\treewalkers\etree_lxml.py", "Python", 163, 0, 0, 0, 0, 0, 0, 0, 0, 5, 48, 216
"c:\Users\USER\Desktop\200000\venv\Lib\site-packages\pip\_vendor\html5lib\treewalkers\genshi.py", "Python", 53, 0, 0, 0, 0, 0, 0, 0, 0, 2, 15, 70
"c:\Users\USER\Desktop\200000\venv\Lib\site-packages\pip\_vendor\idna\__init__.py", "Python", 2, 0, 0, 0, 0, 0, 0, 0, 0, 0, 1, 3
"c:\Users\USER\Desktop\200000\venv\Lib\site-packages\pip\_vendor\idna\codec.py", "Python", 88, 0, 0, 0, 0, 0, 0, 0, 0, 5, 26, 119
"c:\Users\USER\Desktop\200000\venv\Lib\site-packages\pip\_vendor\idna\compat.py", "Python", 8, 0, 0, 0, 0, 0, 0, 0, 0, 0, 5, 13
"c:\Users\USER\Desktop\200000\venv\Lib\site-packages\pip\_vendor\idna\core.py", "Python", 308, 0, 0, 0, 0, 0, 0, 0, 0, 8, 85, 401
"c:\Users\USER\Desktop\200000\venv\Lib\site-packages\pip\_vendor\idna\idnadata.py", "Python", 2048, 0, 0, 0, 0, 0, 0, 0, 0, 1, 2, 2051
"c:\Users\USER\Desktop\200000\venv\Lib\site-packages\pip\_vendor\idna\intranges.py", "Python", 41, 0, 0, 0, 0, 0, 0, 0, 0, 3, 10, 54
"c:\Users\USER\Desktop\200000\venv\Lib\site-packages\pip\_vendor\idna\package_data.py", "Python", 1, 0, 0, 0, 0, 0, 0, 0, 0, 0, 2, 3
"c:\Users\USER\Desktop\200000\venv\Lib\site-packages\pip\_vendor\idna\uts46data.py", "Python", 8272, 0, 0, 0, 0, 0, 0, 0, 0, 2, 84, 8358
"c:\Users\USER\Desktop\200000\venv\Lib\site-packages\pip\_vendor\ipaddress.py", "Python", 1802, 0, 0, 0, 0, 0, 0, 0, 0, 106, 513, 2421
"c:\Users\USER\Desktop\200000\venv\Lib\site-packages\pip\_vendor\msgpack\__init__.py", "Python", 37, 0, 0, 0, 0, 0, 0, 0, 0, 2, 16, 55
"c:\Users\USER\Desktop\200000\venv\Lib\site-packages\pip\_vendor\msgpack\_version.py", "Python", 1, 0, 0, 0, 0, 0, 0, 0, 0, 0, 1, 2
"c:\Users\USER\Desktop\200000\venv\Lib\site-packages\pip\_vendor\msgpack\exceptions.py", "Python", 28, 0, 0, 0, 0, 0, 0, 0, 0, 2, 19, 49
"c:\Users\USER\Desktop\200000\venv\Lib\site-packages\pip\_vendor\msgpack\ext.py", "Python", 147, 0, 0, 0, 0, 0, 0, 0, 0, 4, 41, 192
"c:\Users\USER\Desktop\200000\venv\Lib\site-packages\pip\_vendor\msgpack\fallback.py", "Python", 913, 0, 0, 0, 0, 0, 0, 0, 0, 22, 129, 1064
"c:\Users\USER\Desktop\200000\venv\Lib\site-packages\pip\_vendor\packaging\__about__.py", "Python", 19, 0, 0, 0, 0, 0, 0, 0, 0, 3, 6, 28
"c:\Users\USER\Desktop\200000\venv\Lib\site-packages\pip\_vendor\packaging\__init__.py", "Python", 21, 0, 0, 0, 0, 0, 0, 0, 0, 3, 3, 27
"c:\Users\USER\Desktop\200000\venv\Lib\site-packages\pip\_vendor\packaging\_compat.py", "Python", 19, 0, 0, 0, 0, 0, 0, 0, 0, 9, 11, 39
"c:\Users\USER\Desktop\200000\venv\Lib\site-packages\pip\_vendor\packaging\_structures.py", "Python", 41, 0, 0, 0, 0, 0, 0, 0, 0, 21, 25, 87
"c:\Users\USER\Desktop\200000\venv\Lib\site-packages\pip\_vendor\packaging\_typing.py", "Python", 29, 0, 0, 0, 0, 0, 0, 0, 0, 8, 12, 49
"c:\Users\USER\Desktop\200000\venv\Lib\site-packages\pip\_vendor\packaging\markers.py", "Python", 224, 0, 0, 0, 0, 0, 0, 0, 0, 28, 77, 329
"c:\Users\USER\Desktop\200000\venv\Lib\site-packages\pip\_vendor\packaging\requirements.py", "Python", 100, 0, 0, 0, 0, 0, 0, 0, 0, 12, 34, 146
"c:\Users\USER\Desktop\200000\venv\Lib\site-packages\pip\_vendor\packaging\specifiers.py", "Python", 490, 0, 0, 0, 0, 0, 0, 0, 0, 216, 158, 864
"c:\Users\USER\Desktop\200000\venv\Lib\site-packages\pip\_vendor\packaging\tags.py", "Python", 543, 0, 0, 0, 0, 0, 0, 0, 0, 88, 121, 752
"c:\Users\USER\Desktop\200000\venv\Lib\site-packages\pip\_vendor\packaging\utils.py", "Python", 33, 0, 0, 0, 0, 0, 0, 0, 0, 14, 19, 66
"c:\Users\USER\Desktop\200000\venv\Lib\site-packages\pip\_vendor\packaging\version.py", "Python", 325, 0, 0, 0, 0, 0, 0, 0, 0, 100, 111, 536
"c:\Users\USER\Desktop\200000\venv\Lib\site-packages\pip\_vendor\pep517\__init__.py", "Python", 3, 0, 0, 0, 0, 0, 0, 0, 0, 0, 2, 5
"c:\Users\USER\Desktop\200000\venv\Lib\site-packages\pip\_vendor\pep517\_in_process.py", "Python", 212, 0, 0, 0, 0, 0, 0, 0, 0, 8, 61, 281
"c:\Users\USER\Desktop\200000\venv\Lib\site-packages\pip\_vendor\pep517\build.py", "Python", 100, 0, 0, 0, 0, 0, 0, 0, 0, 1, 24, 125
"c:\Users\USER\Desktop\200000\venv\Lib\site-packages\pip\_vendor\pep517\check.py", "Python", 162, 0, 0, 0, 0, 0, 0, 0, 0, 1, 41, 204
"c:\Users\USER\Desktop\200000\venv\Lib\site-packages\pip\_vendor\pep517\colorlog.py", "Python", 78, 0, 0, 0, 0, 0, 0, 0, 0, 22, 16, 116
"c:\Users\USER\Desktop\200000\venv\Lib\site-packages\pip\_vendor\pep517\compat.py", "Python", 21, 0, 0, 0, 0, 0, 0, 0, 0, 4, 10, 35
"c:\Users\USER\Desktop\200000\venv\Lib\site-packages\pip\_vendor\pep517\dirtools.py", "Python", 38, 0, 0, 0, 0, 0, 0, 0, 0, 0, 7, 45
"c:\Users\USER\Desktop\200000\venv\Lib\site-packages\pip\_vendor\pep517\envbuild.py", "Python", 117, 0, 0, 0, 0, 0, 0, 0, 0, 20, 31, 168
"c:\Users\USER\Desktop\200000\venv\Lib\site-packages\pip\_vendor\pep517\meta.py", "Python", 71, 0, 0, 0, 0, 0, 0, 0, 0, 0, 22, 93
"c:\Users\USER\Desktop\200000\venv\Lib\site-packages\pip\_vendor\pep517\wrappers.py", "Python", 234, 0, 0, 0, 0, 0, 0, 0, 0, 12, 63, 309
"c:\Users\USER\Desktop\200000\venv\Lib\site-packages\pip\_vendor\pkg_resources\__init__.py", "Python", 2472, 0, 0, 0, 0, 0, 0, 0, 0, 168, 657, 3297
"c:\Users\USER\Desktop\200000\venv\Lib\site-packages\pip\_vendor\pkg_resources\py31compat.py", "Python", 15, 0, 0, 0, 0, 0, 0, 0, 0, 3, 6, 24
"c:\Users\USER\Desktop\200000\venv\Lib\site-packages\pip\_vendor\progress\__init__.py", "Python", 127, 0, 0, 0, 0, 0, 0, 0, 0, 14, 37, 178
"c:\Users\USER\Desktop\200000\venv\Lib\site-packages\pip\_vendor\progress\bar.py", "Python", 55, 0, 0, 0, 0, 0, 0, 0, 0, 14, 23, 92
"c:\Users\USER\Desktop\200000\venv\Lib\site-packages\pip\_vendor\progress\counter.py", "Python", 16, 0, 0, 0, 0, 0, 0, 0, 0, 14, 12, 42
"c:\Users\USER\Desktop\200000\venv\Lib\site-packages\pip\_vendor\progress\spinner.py", "Python", 16, 0, 0, 0, 0, 0, 0, 0, 0, 14, 14, 44
"c:\Users\USER\Desktop\200000\venv\Lib\site-packages\pip\_vendor\pyparsing.py", "Python", 5605, 0, 0, 0, 0, 0, 0, 0, 0, 299, 1204, 7108
"c:\Users\USER\Desktop\200000\venv\Lib\site-packages\pip\_vendor\requests\__init__.py", "Python", 96, 0, 0, 0, 0, 0, 0, 0, 0, 21, 28, 145
"c:\Users\USER\Desktop\200000\venv\Lib\site-packages\pip\_vendor\requests\__version__.py", "Python", 10, 0, 0, 0, 0, 0, 0, 0, 0, 3, 2, 15
"c:\Users\USER\Desktop\200000\venv\Lib\site-packages\pip\_vendor\requests\_internal_utils.py", "Python", 32, 0, 0, 0, 0, 0, 0, 0, 0, 1, 10, 43
"c:\Users\USER\Desktop\200000\venv\Lib\site-packages\pip\_vendor\requests\adapters.py", "Python", 413, 0, 0, 0, 0, 0, 0, 0, 0, 21, 100, 534
"c:\Users\USER\Desktop\200000\venv\Lib\site-packages\pip\_vendor\requests\api.py", "Python", 119, 0, 0, 0, 0, 0, 0, 0, 0, 4, 39, 162
"c:\Users\USER\Desktop\200000\venv\Lib\site-packages\pip\_vendor\requests\auth.py", "Python", 218, 0, 0, 0, 0, 0, 0, 0, 0, 28, 60, 306
"c:\Users\USER\Desktop\200000\venv\Lib\site-packages\pip\_vendor\requests\certs.py", "Python", 12, 0, 0, 0, 0, 0, 0, 0, 0, 2, 5, 19
"c:\Users\USER\Desktop\200000\venv\Lib\site-packages\pip\_vendor\requests\compat.py", "Python", 42, 0, 0, 0, 0, 0, 0, 0, 0, 19, 16, 77
"c:\Users\USER\Desktop\200000\venv\Lib\site-packages\pip\_vendor\requests\cookies.py", "Python", 427, 0, 0, 0, 0, 0, 0, 0, 0, 11, 112, 550
"c:\Users\USER\Desktop\200000\venv\Lib\site-packages\pip\_vendor\requests\exceptions.py", "Python", 69, 0, 0, 0, 0, 0, 0, 0, 0, 2, 53, 124
"c:\Users\USER\Desktop\200000\venv\Lib\site-packages\pip\_vendor\requests\help.py", "Python", 99, 0, 0, 0, 0, 0, 0, 0, 0, 0, 21, 120
"c:\Users\USER\Desktop\200000\venv\Lib\site-packages\pip\_vendor\requests\hooks.py", "Python", 23, 0, 0, 0, 0, 0, 0, 0, 0, 2, 10, 35
"c:\Users\USER\Desktop\200000\venv\Lib\site-packages\pip\_vendor\requests\models.py", "Python", 656, 0, 0, 0, 0, 0, 0, 0, 0, 114, 185, 955
"c:\Users\USER\Desktop\200000\venv\Lib\site-packages\pip\_vendor\requests\packages.py", "Python", 8, 0, 0, 0, 0, 0, 0, 0, 0, 5, 4, 17
"c:\Users\USER\Desktop\200000\venv\Lib\site-packages\pip\_vendor\requests\sessions.py", "Python", 499, 0, 0, 0, 0, 0, 0, 0, 0, 108, 163, 770
"c:\Users\USER\Desktop\200000\venv\Lib\site-packages\pip\_vendor\requests\status_codes.py", "Python", 103, 0, 0, 0, 0, 0, 0, 0, 0, 5, 16, 124
"c:\Users\USER\Desktop\200000\venv\Lib\site-packages\pip\_vendor\requests\structures.py", "Python", 71, 0, 0, 0, 0, 0, 0, 0, 0, 6, 29, 106
"c:\Users\USER\Desktop\200000\venv\Lib\site-packages\pip\_vendor\requests\utils.py", "Python", 685, 0, 0, 0, 0, 0, 0, 0, 0, 77, 221, 983
"c:\Users\USER\Desktop\200000\venv\Lib\site-packages\pip\_vendor\resolvelib\__init__.py", "Python", 23, 0, 0, 0, 0, 0, 0, 0, 0, 0, 4, 27
"c:\Users\USER\Desktop\200000\venv\Lib\site-packages\pip\_vendor\resolvelib\compat\__init__.py", "Python", 0, 0, 0, 0, 0, 0, 0, 0, 0, 0, 1, 1
"c:\Users\USER\Desktop\200000\venv\Lib\site-packages\pip\_vendor\resolvelib\compat\collections_abc.py", "Python", 5, 0, 0, 0, 0, 0, 0, 0, 0, 0, 2, 7
"c:\Users\USER\Desktop\200000\venv\Lib\site-packages\pip\_vendor\resolvelib\providers.py", "Python", 83, 0, 0, 0, 0, 0, 0, 0, 0, 0, 27, 110
"c:\Users\USER\Desktop\200000\venv\Lib\site-packages\pip\_vendor\resolvelib\reporters.py", "Python", 32, 0, 0, 0, 0, 0, 0, 0, 0, 0, 11, 43
"c:\Users\USER\Desktop\200000\venv\Lib\site-packages\pip\_vendor\resolvelib\resolvers.py", "Python", 321, 0, 0, 0, 0, 0, 0, 0, 0, 23, 85, 429
"c:\Users\USER\Desktop\200000\venv\Lib\site-packages\pip\_vendor\resolvelib\structs.py", "Python", 55, 0, 0, 0, 0, 0, 0, 0, 0, 0, 14, 69
"c:\Users\USER\Desktop\200000\venv\Lib\site-packages\pip\_vendor\retrying.py", "Python", 189, 0, 0, 0, 0, 0, 0, 0, 0, 23, 56, 268
"c:\Users\USER\Desktop\200000\venv\Lib\site-packages\pip\_vendor\six.py", "Python", 743, 0, 0, 0, 0, 0, 0, 0, 0, 53, 187, 983
"c:\Users\USER\Desktop\200000\venv\Lib\site-packages\pip\_vendor\toml\__init__.py", "Python", 20, 0, 0, 0, 0, 0, 0, 0, 0, 0, 6, 26
"c:\Users\USER\Desktop\200000\venv\Lib\site-packages\pip\_vendor\toml\common.py", "Python", 3, 0, 0, 0, 0, 0, 0, 0, 0, 3, 1, 7
"c:\Users\USER\Desktop\200000\venv\Lib\site-packages\pip\_vendor\toml\decoder.py", "Python", 961, 0, 0, 0, 0, 0, 0, 0, 0, 11, 81, 1053
"c:\Users\USER\Desktop\200000\venv\Lib\site-packages\pip\_vendor\toml\encoder.py", "Python", 252, 0, 0, 0, 0, 0, 0, 0, 0, 4, 49, 305
"c:\Users\USER\Desktop\200000\venv\Lib\site-packages\pip\_vendor\toml\ordered.py", "Python", 9, 0, 0, 0, 0, 0, 0, 0, 0, 0, 7, 16
"c:\Users\USER\Desktop\200000\venv\Lib\site-packages\pip\_vendor\toml\tz.py", "Python", 16, 0, 0, 0, 0, 0, 0, 0, 0, 0, 6, 22
"c:\Users\USER\Desktop\200000\venv\Lib\site-packages\pip\_vendor\urllib3\__init__.py", "Python", 59, 0, 0, 0, 0, 0, 0, 0, 0, 11, 17, 87
"c:\Users\USER\Desktop\200000\venv\Lib\site-packages\pip\_vendor\urllib3\_collections.py", "Python", 251, 0, 0, 0, 0, 0, 0, 0, 0, 19, 67, 337
"c:\Users\USER\Desktop\200000\venv\Lib\site-packages\pip\_vendor\urllib3\connection.py", "Python", 313, 0, 0, 0, 0, 0, 0, 0, 0, 33, 78, 424
"c:\Users\USER\Desktop\200000\venv\Lib\site-packages\pip\_vendor\urllib3\connectionpool.py", "Python", 770, 0, 0, 0, 0, 0, 0, 0, 0, 94, 170, 1034
"c:\Users\USER\Desktop\200000\venv\Lib\site-packages\pip\_vendor\urllib3\contrib\__init__.py", "Python", 0, 0, 0, 0, 0, 0, 0, 0, 0, 0, 1, 1
"c:\Users\USER\Desktop\200000\venv\Lib\site-packages\pip\_vendor\urllib3\contrib\_appengine_environ.py", "Python", 24, 0, 0, 0, 0, 0, 0, 0, 0, 0, 13, 37
"c:\Users\USER\Desktop\200000\venv\Lib\site-packages\pip\_vendor\urllib3\contrib\_securetransport\__init__.py", "Python", 0, 0, 0, 0, 0, 0, 0, 0, 0, 0, 1, 1
"c:\Users\USER\Desktop\200000\venv\Lib\site-packages\pip\_vendor\urllib3\contrib\_securetransport\bindings.py", "Python", 393, 0, 0, 0, 0, 0, 0, 0, 0, 6, 95, 494
"c:\Users\USER\Desktop\200000\venv\Lib\site-packages\pip\_vendor\urllib3\contrib\_securetransport\low_level.py", "Python", 224, 0, 0, 0, 0, 0, 0, 0, 0, 51, 54, 329
"c:\Users\USER\Desktop\200000\venv\Lib\site-packages\pip\_vendor\urllib3\contrib\appengine.py", "Python", 244, 0, 0, 0, 0, 0, 0, 0, 0, 14, 57, 315
"c:\Users\USER\Desktop\200000\venv\Lib\site-packages\pip\_vendor\urllib3\contrib\ntlmpool.py", "Python", 96, 0, 0, 0, 0, 0, 0, 0, 0, 7, 19, 122
"c:\Users\USER\Desktop\200000\venv\Lib\site-packages\pip\_vendor\urllib3\contrib\pyopenssl.py", "Python", 371, 0, 0, 0, 0, 0, 0, 0, 0, 27, 104, 502
"c:\Users\USER\Desktop\200000\venv\Lib\site-packages\pip\_vendor\urllib3\contrib\securetransport.py", "Python", 601, 0, 0, 0, 0, 0, 0, 0, 0, 129, 135, 865
"c:\Users\USER\Desktop\200000\venv\Lib\site-packages\pip\_vendor\urllib3\contrib\socks.py", "Python", 164, 0, 0, 0, 0, 0, 0, 0, 0, 7, 40, 211
"c:\Users\USER\Desktop\200000\venv\Lib\site-packages\pip\_vendor\urllib3\exceptions.py", "Python", 164, 0, 0, 0, 0, 0, 0, 0, 0, 8, 101, 273
"c:\Users\USER\Desktop\200000\venv\Lib\site-packages\pip\_vendor\urllib3\fields.py", "Python", 212, 0, 0, 0, 0, 0, 0, 0, 0, 5, 57, 274
"c:\Users\USER\Desktop\200000\venv\Lib\site-packages\pip\_vendor\urllib3\filepost.py", "Python", 70, 0, 0, 0, 0, 0, 0, 0, 0, 0, 29, 99
"c:\Users\USER\Desktop\200000\venv\Lib\site-packages\pip\_vendor\urllib3\packages\__init__.py", "Python", 3, 0, 0, 0, 0, 0, 0, 0, 0, 0, 3, 6
"c:\Users\USER\Desktop\200000\venv\Lib\site-packages\pip\_vendor\urllib3\packages\backports\__init__.py", "Python", 0, 0, 0, 0, 0, 0, 0, 0, 0, 0, 1, 1
"c:\Users\USER\Desktop\200000\venv\Lib\site-packages\pip\_vendor\urllib3\packages\backports\makefile.py", "Python", 47, 0, 0, 0, 0, 0, 0, 0, 0, 1, 5, 53
"c:\Users\USER\Desktop\200000\venv\Lib\site-packages\pip\_vendor\urllib3\packages\six.py", "Python", 763, 0, 0, 0, 0, 0, 0, 0, 0, 45, 214, 1022
"c:\Users\USER\Desktop\200000\venv\Lib\site-packages\pip\_vendor\urllib3\packages\ssl_match_hostname\__init__.py", "Python", 11, 0, 0, 0, 0, 0, 0, 0, 0, 5, 4, 20
"c:\Users\USER\Desktop\200000\venv\Lib\site-packages\pip\_vendor\urllib3\packages\ssl_match_hostname\_implementation.py", "Python", 101, 0, 0, 0, 0, 0, 0, 0, 0, 36, 24, 161
"c:\Users\USER\Desktop\200000\venv\Lib\site-packages\pip\_vendor\urllib3\poolmanager.py", "Python", 365, 0, 0, 0, 0, 0, 0, 0, 0, 33, 95, 493
"c:\Users\USER\Desktop\200000\venv\Lib\site-packages\pip\_vendor\urllib3\request.py", "Python", 135, 0, 0, 0, 0, 0, 0, 0, 0, 0, 37, 172
"c:\Users\USER\Desktop\200000\venv\Lib\site-packages\pip\_vendor\urllib3\response.py", "Python", 618, 0, 0, 0, 0, 0, 0, 0, 0, 74, 130, 822
"c:\Users\USER\Desktop\200000\venv\Lib\site-packages\pip\_vendor\urllib3\util\__init__.py", "Python", 42, 0, 0, 0, 0, 0, 0, 0, 0, 1, 4, 47
"c:\Users\USER\Desktop\200000\venv\Lib\site-packages\pip\_vendor\urllib3\util\connection.py", "Python", 92, 0, 0, 0, 0, 0, 0, 0, 0, 18, 29, 139
"c:\Users\USER\Desktop\200000\venv\Lib\site-packages\pip\_vendor\urllib3\util\queue.py", "Python", 14, 0, 0, 0, 0, 0, 0, 0, 0, 1, 7, 22
"c:\Users\USER\Desktop\200000\venv\Lib\site-packages\pip\_vendor\urllib3\util\request.py", "Python", 107, 0, 0, 0, 0, 0, 0, 0, 0, 2, 27, 136
"c:\Users\USER\Desktop\200000\venv\Lib\site-packages\pip\_vendor\urllib3\util\response.py", "Python", 55, 0, 0, 0, 0, 0, 0, 0, 0, 10, 22, 87
"c:\Users\USER\Desktop\200000\venv\Lib\site-packages\pip\_vendor\urllib3\util\retry.py", "Python", 341, 0, 0, 0, 0, 0, 0, 0, 0, 11, 102, 454
"c:\Users\USER\Desktop\200000\venv\Lib\site-packages\pip\_vendor\urllib3\util\ssl_.py", "Python", 295, 0, 0, 0, 0, 0, 0, 0, 0, 48, 72, 415
"c:\Users\USER\Desktop\200000\venv\Lib\site-packages\pip\_vendor\urllib3\util\timeout.py", "Python", 194, 0, 0, 0, 0, 0, 0, 0, 0, 12, 56, 262
"c:\Users\USER\Desktop\200000\venv\Lib\site-packages\pip\_vendor\urllib3\util\url.py", "Python", 318, 0, 0, 0, 0, 0, 0, 0, 0, 34, 79, 431
"c:\Users\USER\Desktop\200000\venv\Lib\site-packages\pip\_vendor\urllib3\util\wait.py", "Python", 89, 0, 0, 0, 0, 0, 0, 0, 0, 38, 27, 154
"c:\Users\USER\Desktop\200000\venv\Lib\site-packages\pip\_vendor\webencodings\__init__.py", "Python", 249, 0, 0, 0, 0, 0, 0, 0, 0, 14, 80, 343
"c:\Users\USER\Desktop\200000\venv\Lib\site-packages\pip\_vendor\webencodings\labels.py", "Python", 223, 0, 0, 0, 0, 0, 0, 0, 0, 2, 7, 232
"c:\Users\USER\Desktop\200000\venv\Lib\site-packages\pip\_vendor\webencodings\mklabels.py", "Python", 40, 0, 0, 0, 0, 0, 0, 0, 0, 2, 18, 60
"c:\Users\USER\Desktop\200000\venv\Lib\site-packages\pip\_vendor\webencodings\tests.py", "Python", 123, 0, 0, 0, 0, 0, 0, 0, 0, 2, 29, 154
"c:\Users\USER\Desktop\200000\venv\Lib\site-packages\pip\_vendor\webencodings\x_user_defined.py", "Python", 292, 0, 0, 0, 0, 0, 0, 0, 0, 7, 27, 326
"c:\Users\USER\Desktop\200000\venv\Lib\site-packages\pkg_resources\__init__.py", "Python", 2475, 0, 0, 0, 0, 0, 0, 0, 0, 169, 659, 3303
"c:\Users\USER\Desktop\200000\venv\Lib\site-packages\pkg_resources\_vendor\__init__.py", "Python", 0, 0, 0, 0, 0, 0, 0, 0, 0, 0, 1, 1
"c:\Users\USER\Desktop\200000\venv\Lib\site-packages\pkg_resources\_vendor\appdirs.py", "Python", 493, 0, 0, 0, 0, 0, 0, 0, 0, 27, 89, 609
"c:\Users\USER\Desktop\200000\venv\Lib\site-packages\pkg_resources\_vendor\packaging\__about__.py", "Python", 19, 0, 0, 0, 0, 0, 0, 0, 0, 3, 6, 28
"c:\Users\USER\Desktop\200000\venv\Lib\site-packages\pkg_resources\_vendor\packaging\__init__.py", "Python", 21, 0, 0, 0, 0, 0, 0, 0, 0, 3, 3, 27
"c:\Users\USER\Desktop\200000\venv\Lib\site-packages\pkg_resources\_vendor\packaging\_compat.py", "Python", 16, 0, 0, 0, 0, 0, 0, 0, 0, 7, 9, 32
"c:\Users\USER\Desktop\200000\venv\Lib\site-packages\pkg_resources\_vendor\packaging\_structures.py", "Python", 41, 0, 0, 0, 0, 0, 0, 0, 0, 3, 25, 69
"c:\Users\USER\Desktop\200000\venv\Lib\site-packages\pkg_resources\_vendor\packaging\markers.py", "Python", 218, 0, 0, 0, 0, 0, 0, 0, 0, 7, 72, 297
"c:\Users\USER\Desktop\200000\venv\Lib\site-packages\pkg_resources\_vendor\packaging\requirements.py", "Python", 97, 0, 0, 0, 0, 0, 0, 0, 0, 9, 33, 139
"c:\Users\USER\Desktop\200000\venv\Lib\site-packages\pkg_resources\_vendor\packaging\specifiers.py", "Python", 458, 0, 0, 0, 0, 0, 0, 0, 0, 151, 141, 750
"c:\Users\USER\Desktop\200000\venv\Lib\site-packages\pkg_resources\_vendor\packaging\tags.py", "Python", 293, 0, 0, 0, 0, 0, 0, 0, 0, 31, 81, 405
"c:\Users\USER\Desktop\200000\venv\Lib\site-packages\pkg_resources\_vendor\packaging\utils.py", "Python", 28, 0, 0, 0, 0, 0, 0, 0, 0, 12, 18, 58
"c:\Users\USER\Desktop\200000\venv\Lib\site-packages\pkg_resources\_vendor\packaging\version.py", "Python", 268, 0, 0, 0, 0, 0, 0, 0, 0, 55, 98, 421
"c:\Users\USER\Desktop\200000\venv\Lib\site-packages\pkg_resources\_vendor\pyparsing.py", "Python", 4648, 0, 0, 0, 0, 0, 0, 0, 0, 255, 840, 5743
"c:\Users\USER\Desktop\200000\venv\Lib\site-packages\pkg_resources\_vendor\six.py", "Python", 654, 0, 0, 0, 0, 0, 0, 0, 0, 45, 170, 869
"c:\Users\USER\Desktop\200000\venv\Lib\site-packages\pkg_resources\extern\__init__.py", "Python", 57, 0, 0, 0, 0, 0, 0, 0, 0, 0, 10, 67
"c:\Users\USER\Desktop\200000\venv\Lib\site-packages\pygame\__init__.py", "Python", 259, 0, 0, 0, 0, 0, 0, 0, 0, 68, 86, 413
"c:\Users\USER\Desktop\200000\venv\Lib\site-packages\pygame\_camera_opencv_highgui.py", "Python", 55, 0, 0, 0, 0, 0, 0, 0, 0, 13, 31, 99
"c:\Users\USER\Desktop\200000\venv\Lib\site-packages\pygame\_camera_vidcapture.py", "Python", 100, 0, 0, 0, 0, 0, 0, 0, 0, 3, 31, 134
"c:\Users\USER\Desktop\200000\venv\Lib\site-packages\pygame\_dummybackend.py", "Python", 25, 0, 0, 0, 0, 0, 0, 0, 0, 0, 5, 30
"c:\Users\USER\Desktop\200000\venv\Lib\site-packages\pygame\_numpysndarray.py", "Python", 38, 0, 0, 0, 0, 0, 0, 0, 0, 19, 20, 77
"c:\Users\USER\Desktop\200000\venv\Lib\site-packages\pygame\_numpysurfarray.py", "Python", 253, 0, 0, 0, 0, 0, 0, 0, 0, 22, 82, 357
"c:\Users\USER\Desktop\200000\venv\Lib\site-packages\pygame\camera.py", "Python", 90, 0, 0, 0, 0, 0, 0, 0, 0, 7, 50, 147
"c:\Users\USER\Desktop\200000\venv\Lib\site-packages\pygame\colordict.py", "Python", 662, 0, 0, 0, 0, 0, 0, 0, 0, 19, 4, 685
"c:\Users\USER\Desktop\200000\venv\Lib\site-packages\pygame\compat.py", "Python", 61, 0, 0, 0, 0, 0, 0, 0, 0, 21, 22, 104
"c:\Users\USER\Desktop\200000\venv\Lib\site-packages\pygame\cursors.py", "Python", 246, 0, 0, 0, 0, 0, 0, 0, 0, 29, 35, 310
"c:\Users\USER\Desktop\200000\venv\Lib\site-packages\pygame\docs\__init__.py", "Python", 5, 0, 0, 0, 0, 0, 0, 0, 0, 4, 4, 13
"c:\Users\USER\Desktop\200000\venv\Lib\site-packages\pygame\docs\__main__.py", "Python", 24, 0, 0, 0, 0, 0, 0, 0, 0, 1, 4, 29
"c:\Users\USER\Desktop\200000\venv\Lib\site-packages\pygame\docs\logos.html", "HTML", 0, 0, 0, 0, 0, 0, 29, 0, 0, 1, 15, 45
"c:\Users\USER\Desktop\200000\venv\Lib\site-packages\pygame\docs\ref\docscomments.json", "JSON", 0, 0, 0, 0, 0, 0, 0, 1, 0, 0, 0, 1
"c:\Users\USER\Desktop\200000\venv\Lib\site-packages\pygame\draw_py.py", "Python", 363, 0, 0, 0, 0, 0, 0, 0, 0, 70, 107, 540
"c:\Users\USER\Desktop\200000\venv\Lib\site-packages\pygame\examples\__init__.py", "Python", 0, 0, 0, 0, 0, 0, 0, 0, 0, 0, 1, 1
"c:\Users\USER\Desktop\200000\venv\Lib\site-packages\pygame\examples\aacircle.py", "Python", 28, 0, 0, 0, 0, 0, 0, 0, 0, 1, 7, 36
"c:\Users\USER\Desktop\200000\venv\Lib\site-packages\pygame\examples\aliens.py", "Python", 252, 0, 0, 0, 0, 0, 0, 0, 0, 33, 66, 351
"c:\Users\USER\Desktop\200000\venv\Lib\site-packages\pygame\examples\arraydemo.py", "Python", 72, 0, 0, 0, 0, 0, 0, 0, 0, 27, 33, 132
"c:\Users\USER\Desktop\200000\venv\Lib\site-packages\pygame\examples\audiocapture.py", "Python", 41, 0, 0, 0, 0, 0, 0, 0, 0, 4, 14, 59
"c:\Users\USER\Desktop\200000\venv\Lib\site-packages\pygame\examples\blend_fill.py", "Python", 80, 0, 0, 0, 0, 0, 0, 0, 0, 2, 21, 103
"c:\Users\USER\Desktop\200000\venv\Lib\site-packages\pygame\examples\blit_blends.py", "Python", 129, 0, 0, 0, 0, 0, 0, 0, 0, 15, 50, 194
"c:\Users\USER\Desktop\200000\venv\Lib\site-packages\pygame\examples\camera.py", "Python", 52, 0, 0, 0, 0, 0, 0, 0, 0, 15, 26, 93
"c:\Users\USER\Desktop\200000\venv\Lib\site-packages\pygame\examples\chimp.py", "Python", 149, 0, 0, 0, 0, 0, 0, 0, 0, 14, 34, 197
"c:\Users\USER\Desktop\200000\venv\Lib\site-packages\pygame\examples\cursors.py", "Python", 88, 0, 0, 0, 0, 0, 0, 0, 0, 1, 11, 100
"c:\Users\USER\Desktop\200000\venv\Lib\site-packages\pygame\examples\dropevent.py", "Python", 49, 0, 0, 0, 0, 0, 0, 0, 0, 1, 13, 63
"c:\Users\USER\Desktop\200000\venv\Lib\site-packages\pygame\examples\eventlist.py", "Python", 92, 0, 0, 0, 0, 0, 0, 0, 0, 2, 30, 124
"c:\Users\USER\Desktop\200000\venv\Lib\site-packages\pygame\examples\fastevents.py", "Python", 78, 0, 0, 0, 0, 0, 0, 0, 0, 14, 39, 131
"c:\Users\USER\Desktop\200000\venv\Lib\site-packages\pygame\examples\fonty.py", "Python", 54, 0, 0, 0, 0, 0, 0, 0, 0, 17, 31, 102
"c:\Users\USER\Desktop\200000\venv\Lib\site-packages\pygame\examples\freetype_misc.py", "Python", 80, 0, 0, 0, 0, 0, 0, 0, 0, 1, 23, 104
"c:\Users\USER\Desktop\200000\venv\Lib\site-packages\pygame\examples\glcube.py", "Python", 86, 0, 0, 0, 0, 0, 0, 0, 0, 12, 32, 130
"c:\Users\USER\Desktop\200000\venv\Lib\site-packages\pygame\examples\headless_no_windows_needed.py", "Python", 32, 0, 0, 0, 0, 0, 0, 0, 0, 4, 20, 56
"c:\Users\USER\Desktop\200000\venv\Lib\site-packages\pygame\examples\liquid.py", "Python", 61, 0, 0, 0, 0, 0, 0, 0, 0, 6, 19, 86
"c:\Users\USER\Desktop\200000\venv\Lib\site-packages\pygame\examples\macosx\aliens_app_example\English.lproj\MainMenu.nib\_MainMenu_EOArchive_English.java", "Java", 0, 0, 0, 0, 0, 0, 0, 0, 55, 2, 12, 69
"c:\Users\USER\Desktop\200000\venv\Lib\site-packages\pygame\examples\macosx\aliens_app_example\aliens.py", "Python", 230, 0, 0, 0, 0, 0, 0, 0, 0, 32, 64, 326
"c:\Users\USER\Desktop\200000\venv\Lib\site-packages\pygame\examples\macosx\aliens_app_example\setup.py", "Python", 23, 0, 0, 0, 0, 0, 0, 0, 0, 1, 5, 29
"c:\Users\USER\Desktop\200000\venv\Lib\site-packages\pygame\examples\macosx\macfont.py", "Python", 111, 0, 0, 0, 0, 0, 0, 0, 0, 0, 26, 137
"c:\Users\USER\Desktop\200000\venv\Lib\site-packages\pygame\examples\mask.py", "Python", 145, 0, 0, 0, 0, 0, 0, 0, 0, 2, 30, 177
"c:\Users\USER\Desktop\200000\venv\Lib\site-packages\pygame\examples\midi.py", "Python", 587, 0, 0, 0, 0, 0, 0, 0, 0, 76, 160, 823
"c:\Users\USER\Desktop\200000\venv\Lib\site-packages\pygame\examples\moveit.py", "Python", 46, 0, 0, 0, 0, 0, 0, 0, 0, 7, 21, 74
"c:\Users\USER\Desktop\200000\venv\Lib\site-packages\pygame\examples\oldalien.py", "Python", 164, 0, 0, 0, 0, 0, 0, 0, 0, 20, 54, 238
"c:\Users\USER\Desktop\200000\venv\Lib\site-packages\pygame\examples\overlay.py", "Python", 45, 0, 0, 0, 0, 0, 0, 0, 0, 6, 12, 63
"c:\Users\USER\Desktop\200000\venv\Lib\site-packages\pygame\examples\pixelarray.py", "Python", 88, 0, 0, 0, 0, 0, 0, 0, 0, 15, 21, 124
"c:\Users\USER\Desktop\200000\venv\Lib\site-packages\pygame\examples\playmus.py", "Python", 105, 0, 0, 0, 0, 0, 0, 0, 0, 8, 28, 141
"c:\Users\USER\Desktop\200000\venv\Lib\site-packages\pygame\examples\prevent_display_stretching.py", "Python", 58, 0, 0, 0, 0, 0, 0, 0, 0, 12, 20, 90
"c:\Users\USER\Desktop\200000\venv\Lib\site-packages\pygame\examples\scaletest.py", "Python", 111, 0, 0, 0, 0, 0, 0, 0, 0, 8, 22, 141
"c:\Users\USER\Desktop\200000\venv\Lib\site-packages\pygame\examples\scrap_clipboard.py", "Python", 65, 0, 0, 0, 0, 0, 0, 0, 0, 5, 18, 88
"c:\Users\USER\Desktop\200000\venv\Lib\site-packages\pygame\examples\scroll.py", "Python", 160, 0, 0, 0, 0, 0, 0, 0, 0, 5, 31, 196
"c:\Users\USER\Desktop\200000\venv\Lib\site-packages\pygame\examples\sound.py", "Python", 35, 0, 0, 0, 0, 0, 0, 0, 0, 5, 18, 58
"c:\Users\USER\Desktop\200000\venv\Lib\site-packages\pygame\examples\sound_array_demos.py", "Python", 158, 0, 0, 0, 0, 0, 0, 0, 0, 20, 85, 263
"c:\Users\USER\Desktop\200000\venv\Lib\site-packages\pygame\examples\stars.py", "Python", 70, 0, 0, 0, 0, 0, 0, 0, 0, 6, 20, 96
"c:\Users\USER\Desktop\200000\venv\Lib\site-packages\pygame\examples\testsprite.py", "Python", 169, 0, 0, 0, 0, 0, 0, 0, 0, 32, 67, 268
"c:\Users\USER\Desktop\200000\venv\Lib\site-packages\pygame\examples\textinput.py", "Python", 106, 0, 0, 0, 0, 0, 0, 0, 0, 17, 29, 152
"c:\Users\USER\Desktop\200000\venv\Lib\site-packages\pygame\examples\vgrade.py", "Python", 74, 0, 0, 0, 0, 0, 0, 0, 0, 5, 25, 104
"c:\Users\USER\Desktop\200000\venv\Lib\site-packages\pygame\examples\video.py", "Python", 81, 0, 0, 0, 0, 0, 0, 0, 0, 0, 20, 101
"c:\Users\USER\Desktop\200000\venv\Lib\site-packages\pygame\freetype.py", "Python", 38, 0, 0, 0, 0, 0, 0, 0, 0, 0, 8, 46
"c:\Users\USER\Desktop\200000\venv\Lib\site-packages\pygame\ftfont.py", "Python", 143, 0, 0, 0, 0, 0, 0, 0, 0, 0, 45, 188
"c:\Users\USER\Desktop\200000\venv\Lib\site-packages\pygame\locals.py", "Python", 6, 0, 0, 0, 0, 0, 0, 0, 0, 19, 6, 31
"c:\Users\USER\Desktop\200000\venv\Lib\site-packages\pygame\macosx.py", "Python", 20, 0, 0, 0, 0, 0, 0, 0, 0, 0, 3, 23
"c:\Users\USER\Desktop\200000\venv\Lib\site-packages\pygame\midi.py", "Python", 535, 0, 0, 0, 0, 0, 0, 0, 0, 16, 178, 729
"c:\Users\USER\Desktop\200000\venv\Lib\site-packages\pygame\pkgdata.py", "Python", 56, 0, 0, 0, 0, 0, 0, 0, 0, 0, 12, 68
"c:\Users\USER\Desktop\200000\venv\Lib\site-packages\pygame\pygame_icon.svg", "XML", 0, 246, 0, 0, 0, 0, 0, 0, 0, 1, 12, 259
"c:\Users\USER\Desktop\200000\venv\Lib\site-packages\pygame\sndarray.py", "Python", 60, 0, 0, 0, 0, 0, 0, 0, 0, 19, 25, 104
"c:\Users\USER\Desktop\200000\venv\Lib\site-packages\pygame\sprite.py", "Python", 1122, 0, 0, 0, 0, 0, 0, 0, 0, 112, 368, 1602
"c:\Users\USER\Desktop\200000\venv\Lib\site-packages\pygame\surfarray.py", "Python", 194, 0, 0, 0, 0, 0, 0, 0, 0, 20, 77, 291
"c:\Users\USER\Desktop\200000\venv\Lib\site-packages\pygame\sysfont.py", "Python", 287, 0, 0, 0, 0, 0, 0, 0, 0, 55, 70, 412
"c:\Users\USER\Desktop\200000\venv\Lib\site-packages\pygame\tests\__init__.py", "Python", 31, 0, 0, 0, 0, 0, 0, 0, 0, 0, 10, 41
"c:\Users\USER\Desktop\200000\venv\Lib\site-packages\pygame\tests\__main__.py", "Python", 94, 0, 0, 0, 0, 0, 0, 0, 0, 9, 31, 134
"c:\Users\USER\Desktop\200000\venv\Lib\site-packages\pygame\tests\base_test.py", "Python", 478, 0, 0, 0, 0, 0, 0, 0, 0, 68, 93, 639
"c:\Users\USER\Desktop\200000\venv\Lib\site-packages\pygame\tests\blit_test.py", "Python", 103, 0, 0, 0, 0, 0, 0, 0, 0, 16, 41, 160
"c:\Users\USER\Desktop\200000\venv\Lib\site-packages\pygame\tests\bufferproxy_test.py", "Python", 404, 0, 0, 0, 0, 0, 0, 0, 0, 20, 60, 484
"c:\Users\USER\Desktop\200000\venv\Lib\site-packages\pygame\tests\camera_test.py", "Python", 6, 0, 0, 0, 0, 0, 0, 0, 0, 0, 4, 10
"c:\Users\USER\Desktop\200000\venv\Lib\site-packages\pygame\tests\cdrom_tags.py", "Python", 1, 0, 0, 0, 0, 0, 0, 0, 0, 0, 1, 2
"c:\Users\USER\Desktop\200000\venv\Lib\site-packages\pygame\tests\cdrom_test.py", "Python", 116, 0, 0, 0, 0, 0, 0, 0, 0, 111, 92, 319
"c:\Users\USER\Desktop\200000\venv\Lib\site-packages\pygame\tests\color_test.py", "Python", 792, 0, 0, 0, 0, 0, 0, 0, 0, 50, 186, 1028
"c:\Users\USER\Desktop\200000\venv\Lib\site-packages\pygame\tests\compat_test.py", "Python", 72, 0, 0, 0, 0, 0, 0, 0, 0, 0, 16, 88
"c:\Users\USER\Desktop\200000\venv\Lib\site-packages\pygame\tests\constants_test.py", "Python", 43, 0, 0, 0, 0, 0, 0, 0, 0, 1, 8, 52
"c:\Users\USER\Desktop\200000\venv\Lib\site-packages\pygame\tests\cursors_test.py", "Python", 22, 0, 0, 0, 0, 0, 0, 0, 0, 28, 14, 64
"c:\Users\USER\Desktop\200000\venv\Lib\site-packages\pygame\tests\display_test.py", "Python", 119, 0, 0, 0, 0, 0, 0, 0, 0, 221, 101, 441
"c:\Users\USER\Desktop\200000\venv\Lib\site-packages\pygame\tests\draw_test.py", "Python", 910, 0, 0, 0, 0, 0, 0, 0, 0, 131, 254, 1295
"c:\Users\USER\Desktop\200000\venv\Lib\site-packages\pygame\tests\event_test.py", "Python", 217, 0, 0, 0, 0, 0, 0, 0, 0, 36, 88, 341
"c:\Users\USER\Desktop\200000\venv\Lib\site-packages\pygame\tests\fastevent_tags.py", "Python", 1, 0, 0, 0, 0, 0, 0, 0, 0, 0, 1, 2
"c:\Users\USER\Desktop\200000\venv\Lib\site-packages\pygame\tests\fastevent_test.py", "Python", 59, 0, 0, 0, 0, 0, 0, 0, 0, 55, 37, 151
"c:\Users\USER\Desktop\200000\venv\Lib\site-packages\pygame\tests\font_tags.py", "Python", 1, 0, 0, 0, 0, 0, 0, 0, 0, 0, 1, 2
"c:\Users\USER\Desktop\200000\venv\Lib\site-packages\pygame\tests\font_test.py", "Python", 394, 0, 0, 0, 0, 0, 0, 0, 0, 58, 95, 547
"c:\Users\USER\Desktop\200000\venv\Lib\site-packages\pygame\tests\freetype_tags.py", "Python", 8, 0, 0, 0, 0, 0, 0, 0, 0, 0, 5, 13
"c:\Users\USER\Desktop\200000\venv\Lib\site-packages\pygame\tests\freetype_test.py", "Python", 1149, 0, 0, 0, 0, 0, 0, 0, 0, 169, 237, 1555
"c:\Users\USER\Desktop\200000\venv\Lib\site-packages\pygame\tests\ftfont_tags.py", "Python", 8, 0, 0, 0, 0, 0, 0, 0, 0, 0, 5, 13
"c:\Users\USER\Desktop\200000\venv\Lib\site-packages\pygame\tests\ftfont_test.py", "Python", 15, 0, 0, 0, 0, 0, 0, 0, 0, 1, 5, 21
"c:\Users\USER\Desktop\200000\venv\Lib\site-packages\pygame\tests\gfxdraw_test.py", "Python", 734, 0, 0, 0, 0, 0, 0, 0, 0, 21, 63, 818
"c:\Users\USER\Desktop\200000\venv\Lib\site-packages\pygame\tests\image__save_gl_surface_test.py", "Python", 28, 0, 0, 0, 0, 0, 0, 0, 0, 3, 14, 45
"c:\Users\USER\Desktop\200000\venv\Lib\site-packages\pygame\tests\image_tags.py", "Python", 5, 0, 0, 0, 0, 0, 0, 0, 0, 0, 3, 8
"c:\Users\USER\Desktop\200000\venv\Lib\site-packages\pygame\tests\image_test.py", "Python", 346, 0, 0, 0, 0, 0, 0, 0, 0, 75, 107, 528
"c:\Users\USER\Desktop\200000\venv\Lib\site-packages\pygame\tests\imageext_tags.py", "Python", 5, 0, 0, 0, 0, 0, 0, 0, 0, 0, 4, 9
"c:\Users\USER\Desktop\200000\venv\Lib\site-packages\pygame\tests\imageext_test.py", "Python", 70, 0, 0, 0, 0, 0, 0, 0, 0, 3, 18, 91
"c:\Users\USER\Desktop\200000\venv\Lib\site-packages\pygame\tests\joystick_test.py", "Python", 15, 0, 0, 0, 0, 0, 0, 0, 0, 54, 23, 92
"c:\Users\USER\Desktop\200000\venv\Lib\site-packages\pygame\tests\key_test.py", "Python", 40, 0, 0, 0, 0, 0, 0, 0, 0, 10, 19, 69
"c:\Users\USER\Desktop\200000\venv\Lib\site-packages\pygame\tests\mask_test.py", "Python", 1508, 0, 0, 0, 0, 0, 0, 0, 0, 102, 441, 2051
"c:\Users\USER\Desktop\200000\venv\Lib\site-packages\pygame\tests\math_test.py", "Python", 1425, 0, 0, 0, 0, 0, 0, 0, 0, 47, 140, 1612
"c:\Users\USER\Desktop\200000\venv\Lib\site-packages\pygame\tests\midi_tags.py", "Python", 1, 0, 0, 0, 0, 0, 0, 0, 0, 0, 1, 2
"c:\Users\USER\Desktop\200000\venv\Lib\site-packages\pygame\tests\midi_test.py", "Python", 284, 0, 0, 0, 0, 0, 0, 0, 0, 25, 77, 386
"c:\Users\USER\Desktop\200000\venv\Lib\site-packages\pygame\tests\mixer_music_tags.py", "Python", 5, 0, 0, 0, 0, 0, 0, 0, 0, 0, 3, 8
"c:\Users\USER\Desktop\200000\venv\Lib\site-packages\pygame\tests\mixer_music_test.py", "Python", 89, 0, 0, 0, 0, 0, 0, 0, 0, 95, 76, 260
"c:\Users\USER\Desktop\200000\venv\Lib\site-packages\pygame\tests\mixer_tags.py", "Python", 5, 0, 0, 0, 0, 0, 0, 0, 0, 0, 3, 8
"c:\Users\USER\Desktop\200000\venv\Lib\site-packages\pygame\tests\mixer_test.py", "Python", 576, 0, 0, 0, 0, 0, 0, 0, 0, 253, 201, 1030
"c:\Users\USER\Desktop\200000\venv\Lib\site-packages\pygame\tests\mouse_test.py", "Python", 20, 0, 0, 0, 0, 0, 0, 0, 0, 95, 36, 151
"c:\Users\USER\Desktop\200000\venv\Lib\site-packages\pygame\tests\overlay_tags.py", "Python", 1, 0, 0, 0, 0, 0, 0, 0, 0, 1, 1, 3
"c:\Users\USER\Desktop\200000\venv\Lib\site-packages\pygame\tests\overlay_test.py", "Python", 10, 0, 0, 0, 0, 0, 0, 0, 0, 11, 16, 37
"c:\Users\USER\Desktop\200000\venv\Lib\site-packages\pygame\tests\pixelarray_test.py", "Python", 1189, 0, 0, 0, 0, 0, 0, 0, 0, 73, 159, 1421
"c:\Users\USER\Desktop\200000\venv\Lib\site-packages\pygame\tests\pixelcopy_test.py", "Python", 553, 0, 0, 0, 0, 0, 0, 0, 0, 18, 83, 654
"c:\Users\USER\Desktop\200000\venv\Lib\site-packages\pygame\tests\rect_test.py", "Python", 607, 0, 0, 0, 0, 0, 0, 0, 0, 44, 134, 785
"c:\Users\USER\Desktop\200000\venv\Lib\site-packages\pygame\tests\run_tests__tests\__init__.py", "Python", 0, 0, 0, 0, 0, 0, 0, 0, 0, 1, 1, 2
"c:\Users\USER\Desktop\200000\venv\Lib\site-packages\pygame\tests\run_tests__tests\all_ok\__init__.py", "Python", 0, 0, 0, 0, 0, 0, 0, 0, 0, 1, 1, 2
"c:\Users\USER\Desktop\200000\venv\Lib\site-packages\pygame\tests\run_tests__tests\all_ok\fake_2_test.py", "Python", 30, 0, 0, 0, 0, 0, 0, 0, 0, 0, 10, 40
"c:\Users\USER\Desktop\200000\venv\Lib\site-packages\pygame\tests\run_tests__tests\all_ok\fake_3_test.py", "Python", 30, 0, 0, 0, 0, 0, 0, 0, 0, 0, 10, 40
"c:\Users\USER\Desktop\200000\venv\Lib\site-packages\pygame\tests\run_tests__tests\all_ok\fake_4_test.py", "Python", 30, 0, 0, 0, 0, 0, 0, 0, 0, 0, 10, 40
"c:\Users\USER\Desktop\200000\venv\Lib\site-packages\pygame\tests\run_tests__tests\all_ok\fake_5_test.py", "Python", 30, 0, 0, 0, 0, 0, 0, 0, 0, 0, 10, 40
"c:\Users\USER\Desktop\200000\venv\Lib\site-packages\pygame\tests\run_tests__tests\all_ok\fake_6_test.py", "Python", 30, 0, 0, 0, 0, 0, 0, 0, 0, 0, 10, 40
"c:\Users\USER\Desktop\200000\venv\Lib\site-packages\pygame\tests\run_tests__tests\all_ok\no_assertions__ret_code_of_1__test.py", "Python", 30, 0, 0, 0, 0, 0, 0, 0, 0, 0, 9, 39
"c:\Users\USER\Desktop\200000\venv\Lib\site-packages\pygame\tests\run_tests__tests\all_ok\zero_tests_test.py", "Python", 19, 0, 0, 0, 0, 0, 0, 0, 0, 0, 4, 23
"c:\Users\USER\Desktop\200000\venv\Lib\site-packages\pygame\tests\run_tests__tests\everything\__init__.py", "Python", 0, 0, 0, 0, 0, 0, 0, 0, 0, 1, 1, 2
"c:\Users\USER\Desktop\200000\venv\Lib\site-packages\pygame\tests\run_tests__tests\everything\fake_2_test.py", "Python", 30, 0, 0, 0, 0, 0, 0, 0, 0, 0, 10, 40
"c:\Users\USER\Desktop\200000\venv\Lib\site-packages\pygame\tests\run_tests__tests\everything\incomplete_todo_test.py", "Python", 30, 0, 0, 0, 0, 0, 0, 0, 0, 0, 10, 40
"c:\Users\USER\Desktop\200000\venv\Lib\site-packages\pygame\tests\run_tests__tests\everything\magic_tag_test.py", "Python", 29, 0, 0, 0, 0, 0, 0, 0, 0, 0, 10, 39
"c:\Users\USER\Desktop\200000\venv\Lib\site-packages\pygame\tests\run_tests__tests\everything\sleep_test.py", "Python", 24, 0, 0, 0, 0, 0, 0, 0, 0, 0, 6, 30
"c:\Users\USER\Desktop\200000\venv\Lib\site-packages\pygame\tests\run_tests__tests\exclude\__init__.py", "Python", 0, 0, 0, 0, 0, 0, 0, 0, 0, 1, 1, 2
"c:\Users\USER\Desktop\200000\venv\Lib\site-packages\pygame\tests\run_tests__tests\exclude\fake_2_test.py", "Python", 30, 0, 0, 0, 0, 0, 0, 0, 0, 0, 10, 40
"c:\Users\USER\Desktop\200000\venv\Lib\site-packages\pygame\tests\run_tests__tests\exclude\invisible_tag_test.py", "Python", 31, 0, 0, 0, 0, 0, 0, 0, 0, 0, 11, 42
"c:\Users\USER\Desktop\200000\venv\Lib\site-packages\pygame\tests\run_tests__tests\exclude\magic_tag_test.py", "Python", 29, 0, 0, 0, 0, 0, 0, 0, 0, 0, 10, 39
"c:\Users\USER\Desktop\200000\venv\Lib\site-packages\pygame\tests\run_tests__tests\failures1\__init__.py", "Python", 0, 0, 0, 0, 0, 0, 0, 0, 0, 1, 1, 2
"c:\Users\USER\Desktop\200000\venv\Lib\site-packages\pygame\tests\run_tests__tests\failures1\fake_2_test.py", "Python", 30, 0, 0, 0, 0, 0, 0, 0, 0, 0, 10, 40
"c:\Users\USER\Desktop\200000\venv\Lib\site-packages\pygame\tests\run_tests__tests\failures1\fake_3_test.py", "Python", 30, 0, 0, 0, 0, 0, 0, 0, 0, 0, 10, 40
"c:\Users\USER\Desktop\200000\venv\Lib\site-packages\pygame\tests\run_tests__tests\failures1\fake_4_test.py", "Python", 32, 0, 0, 0, 0, 0, 0, 0, 0, 0, 10, 42
"c:\Users\USER\Desktop\200000\venv\Lib\site-packages\pygame\tests\run_tests__tests\incomplete\__init__.py", "Python", 0, 0, 0, 0, 0, 0, 0, 0, 0, 1, 1, 2
"c:\Users\USER\Desktop\200000\venv\Lib\site-packages\pygame\tests\run_tests__tests\incomplete\fake_2_test.py", "Python", 30, 0, 0, 0, 0, 0, 0, 0, 0, 0, 10, 40
"c:\Users\USER\Desktop\200000\venv\Lib\site-packages\pygame\tests\run_tests__tests\incomplete\fake_3_test.py", "Python", 30, 0, 0, 0, 0, 0, 0, 0, 0, 0, 10, 40
"c:\Users\USER\Desktop\200000\venv\Lib\site-packages\pygame\tests\run_tests__tests\incomplete_todo\__init__.py", "Python", 0, 0, 0, 0, 0, 0, 0, 0, 0, 1, 1, 2
"c:\Users\USER\Desktop\200000\venv\Lib\site-packages\pygame\tests\run_tests__tests\incomplete_todo\fake_2_test.py", "Python", 30, 0, 0, 0, 0, 0, 0, 0, 0, 0, 10, 40
"c:\Users\USER\Desktop\200000\venv\Lib\site-packages\pygame\tests\run_tests__tests\incomplete_todo\fake_3_test.py", "Python", 30, 0, 0, 0, 0, 0, 0, 0, 0, 0, 10, 40
"c:\Users\USER\Desktop\200000\venv\Lib\site-packages\pygame\tests\run_tests__tests\infinite_loop\__init__.py", "Python", 0, 0, 0, 0, 0, 0, 0, 0, 0, 1, 1, 2
"c:\Users\USER\Desktop\200000\venv\Lib\site-packages\pygame\tests\run_tests__tests\infinite_loop\fake_1_test.py", "Python", 31, 0, 0, 0, 0, 0, 0, 0, 0, 0, 10, 41
"c:\Users\USER\Desktop\200000\venv\Lib\site-packages\pygame\tests\run_tests__tests\infinite_loop\fake_2_test.py", "Python", 30, 0, 0, 0, 0, 0, 0, 0, 0, 0, 10, 40
"c:\Users\USER\Desktop\200000\venv\Lib\site-packages\pygame\tests\run_tests__tests\print_stderr\__init__.py", "Python", 0, 0, 0, 0, 0, 0, 0, 0, 0, 1, 1, 2
"c:\Users\USER\Desktop\200000\venv\Lib\site-packages\pygame\tests\run_tests__tests\print_stderr\fake_2_test.py", "Python", 30, 0, 0, 0, 0, 0, 0, 0, 0, 0, 10, 40
"c:\Users\USER\Desktop\200000\venv\Lib\site-packages\pygame\tests\run_tests__tests\print_stderr\fake_3_test.py", "Python", 31, 0, 0, 0, 0, 0, 0, 0, 0, 0, 10, 41
"c:\Users\USER\Desktop\200000\venv\Lib\site-packages\pygame\tests\run_tests__tests\print_stderr\fake_4_test.py", "Python", 32, 0, 0, 0, 0, 0, 0, 0, 0, 0, 10, 42
"c:\Users\USER\Desktop\200000\venv\Lib\site-packages\pygame\tests\run_tests__tests\print_stdout\__init__.py", "Python", 0, 0, 0, 0, 0, 0, 0, 0, 0, 1, 1, 2
"c:\Users\USER\Desktop\200000\venv\Lib\site-packages\pygame\tests\run_tests__tests\print_stdout\fake_2_test.py", "Python", 30, 0, 0, 0, 0, 0, 0, 0, 0, 0, 10, 40
"c:\Users\USER\Desktop\200000\venv\Lib\site-packages\pygame\tests\run_tests__tests\print_stdout\fake_3_test.py", "Python", 32, 0, 0, 0, 0, 0, 0, 0, 0, 0, 10, 42
"c:\Users\USER\Desktop\200000\venv\Lib\site-packages\pygame\tests\run_tests__tests\print_stdout\fake_4_test.py", "Python", 32, 0, 0, 0, 0, 0, 0, 0, 0, 0, 10, 42
"c:\Users\USER\Desktop\200000\venv\Lib\site-packages\pygame\tests\run_tests__tests\run_tests__test.py", "Python", 88, 0, 0, 0, 0, 0, 0, 0, 0, 11, 33, 132
"c:\Users\USER\Desktop\200000\venv\Lib\site-packages\pygame\tests\run_tests__tests\timeout\__init__.py", "Python", 0, 0, 0, 0, 0, 0, 0, 0, 0, 1, 1, 2
"c:\Users\USER\Desktop\200000\venv\Lib\site-packages\pygame\tests\run_tests__tests\timeout\fake_2_test.py", "Python", 30, 0, 0, 0, 0, 0, 0, 0, 0, 0, 10, 40
"c:\Users\USER\Desktop\200000\venv\Lib\site-packages\pygame\tests\run_tests__tests\timeout\sleep_test.py", "Python", 24, 0, 0, 0, 0, 0, 0, 0, 0, 0, 7, 31
"c:\Users\USER\Desktop\200000\venv\Lib\site-packages\pygame\tests\rwobject_test.py", "Python", 82, 0, 0, 0, 0, 0, 0, 0, 0, 7, 29, 118
"c:\Users\USER\Desktop\200000\venv\Lib\site-packages\pygame\tests\scrap_tags.py", "Python", 15, 0, 0, 0, 0, 0, 0, 0, 0, 1, 9, 25
"c:\Users\USER\Desktop\200000\venv\Lib\site-packages\pygame\tests\scrap_test.py", "Python", 221, 0, 0, 0, 0, 0, 0, 0, 0, 13, 57, 291
"c:\Users\USER\Desktop\200000\venv\Lib\site-packages\pygame\tests\sndarray_tags.py", "Python", 9, 0, 0, 0, 0, 0, 0, 0, 0, 0, 4, 13
"c:\Users\USER\Desktop\200000\venv\Lib\site-packages\pygame\tests\sndarray_test.py", "Python", 137, 0, 0, 0, 0, 0, 0, 0, 0, 6, 32, 175
"c:\Users\USER\Desktop\200000\venv\Lib\site-packages\pygame\tests\sprite_test.py", "Python", 815, 0, 0, 0, 0, 0, 0, 0, 0, 117, 317, 1249
"c:\Users\USER\Desktop\200000\venv\Lib\site-packages\pygame\tests\surface_test.py", "Python", 1823, 0, 0, 0, 0, 0, 0, 0, 0, 352, 364, 2539
"c:\Users\USER\Desktop\200000\venv\Lib\site-packages\pygame\tests\surfarray_tags.py", "Python", 13, 0, 0, 0, 0, 0, 0, 0, 0, 0, 4, 17
"c:\Users\USER\Desktop\200000\venv\Lib\site-packages\pygame\tests\surfarray_test.py", "Python", 525, 0, 0, 0, 0, 0, 0, 0, 0, 35, 108, 668
"c:\Users\USER\Desktop\200000\venv\Lib\site-packages\pygame\tests\surflock_test.py", "Python", 99, 0, 0, 0, 0, 0, 0, 0, 0, 13, 32, 144
"c:\Users\USER\Desktop\200000\venv\Lib\site-packages\pygame\tests\sysfont_test.py", "Python", 21, 0, 0, 0, 0, 0, 0, 0, 0, 1, 9, 31
"c:\Users\USER\Desktop\200000\venv\Lib\site-packages\pygame\tests\test_test_.py", "Python", 2, 0, 0, 0, 0, 0, 0, 0, 0, 0, 1, 3
"c:\Users\USER\Desktop\200000\venv\Lib\site-packages\pygame\tests\test_utils\__init__.py", "Python", 140, 0, 0, 0, 0, 0, 0, 0, 0, 8, 62, 210
"c:\Users\USER\Desktop\200000\venv\Lib\site-packages\pygame\tests\test_utils\arrinter.py", "Python", 364, 0, 0, 0, 0, 0, 0, 0, 0, 1, 34, 399
"c:\Users\USER\Desktop\200000\venv\Lib\site-packages\pygame\tests\test_utils\async_sub.py", "Python", 206, 0, 0, 0, 0, 0, 0, 0, 0, 14, 53, 273
"c:\Users\USER\Desktop\200000\venv\Lib\site-packages\pygame\tests\test_utils\buftools.py", "Python", 519, 0, 0, 0, 0, 0, 0, 0, 0, 0, 37, 556
"c:\Users\USER\Desktop\200000\venv\Lib\site-packages\pygame\tests\test_utils\endian.py", "Python", 9, 0, 0, 0, 0, 0, 0, 0, 0, 4, 6, 19
"c:\Users\USER\Desktop\200000\venv\Lib\site-packages\pygame\tests\test_utils\png.py", "Python", 2955, 0, 0, 0, 0, 0, 0, 0, 0, 368, 349, 3672
"c:\Users\USER\Desktop\200000\venv\Lib\site-packages\pygame\tests\test_utils\run_tests.py", "Python", 261, 0, 0, 0, 0, 0, 0, 0, 0, 20, 64, 345
"c:\Users\USER\Desktop\200000\venv\Lib\site-packages\pygame\tests\test_utils\test_machinery.py", "Python", 57, 0, 0, 0, 0, 0, 0, 0, 0, 1, 23, 81
"c:\Users\USER\Desktop\200000\venv\Lib\site-packages\pygame\tests\test_utils\test_runner.py", "Python", 163, 0, 0, 0, 0, 0, 0, 0, 0, 18, 54, 235
"c:\Users\USER\Desktop\200000\venv\Lib\site-packages\pygame\tests\threads_test.py", "Python", 92, 0, 0, 0, 0, 0, 0, 0, 0, 27, 58, 177
"c:\Users\USER\Desktop\200000\venv\Lib\site-packages\pygame\tests\time_test.py", "Python", 29, 0, 0, 0, 0, 0, 0, 0, 0, 129, 47, 205
"c:\Users\USER\Desktop\200000\venv\Lib\site-packages\pygame\tests\touch_tags.py", "Python", 1, 0, 0, 0, 0, 0, 0, 0, 0, 0, 2, 3
"c:\Users\USER\Desktop\200000\venv\Lib\site-packages\pygame\tests\touch_test.py", "Python", 30, 0, 0, 0, 0, 0, 0, 0, 0, 0, 15, 45
"c:\Users\USER\Desktop\200000\venv\Lib\site-packages\pygame\tests\transform_test.py", "Python", 703, 0, 0, 0, 0, 0, 0, 0, 0, 155, 239, 1097
"c:\Users\USER\Desktop\200000\venv\Lib\site-packages\pygame\tests\version_test.py", "Python", 31, 0, 0, 0, 0, 0, 0, 0, 0, 0, 6, 37
"c:\Users\USER\Desktop\200000\venv\Lib\site-packages\pygame\threads\Py25Queue.py", "Python", 166, 0, 0, 0, 0, 0, 0, 0, 0, 18, 33, 217
"c:\Users\USER\Desktop\200000\venv\Lib\site-packages\pygame\threads\__init__.py", "Python", 197, 0, 0, 0, 0, 0, 0, 0, 0, 35, 79, 311
"c:\Users\USER\Desktop\200000\venv\Lib\site-packages\pygame\version.py", "Python", 23, 0, 0, 0, 0, 0, 0, 0, 0, 19, 4, 46
"c:\Users\USER\Desktop\200000\venv\Lib\site-packages\setuptools\__init__.py", "Python", 180, 0, 0, 0, 0, 0, 0, 0, 0, 13, 59, 252
"c:\Users\USER\Desktop\200000\venv\Lib\site-packages\setuptools\_deprecation_warning.py", "Python", 6, 0, 0, 0, 0, 0, 0, 0, 0, 0, 2, 8
"c:\Users\USER\Desktop\200000\venv\Lib\site-packages\setuptools\_distutils\__init__.py", "Python", 9, 0, 0, 0, 0, 0, 0, 0, 0, 0, 7, 16
"c:\Users\USER\Desktop\200000\venv\Lib\site-packages\setuptools\_distutils\_msvccompiler.py", "Python", 391, 0, 0, 0, 0, 0, 0, 0, 0, 60, 87, 538
"c:\Users\USER\Desktop\200000\venv\Lib\site-packages\setuptools\_distutils\archive_util.py", "Python", 202, 0, 0, 0, 0, 0, 0, 0, 0, 8, 47, 257
"c:\Users\USER\Desktop\200000\venv\Lib\site-packages\setuptools\_distutils\bcppcompiler.py", "Python", 248, 0, 0, 0, 0, 0, 0, 0, 0, 78, 68, 394
"c:\Users\USER\Desktop\200000\venv\Lib\site-packages\setuptools\_distutils\ccompiler.py", "Python", 799, 0, 0, 0, 0, 0, 0, 0, 0, 156, 162, 1117
"c:\Users\USER\Desktop\200000\venv\Lib\site-packages\setuptools\_distutils\cmd.py", "Python", 275, 0, 0, 0, 0, 0, 0, 0, 0, 71, 58, 404
"c:\Users\USER\Desktop\200000\venv\Lib\site-packages\setuptools\_distutils\command\__init__.py", "Python", 23, 0, 0, 0, 0, 0, 0, 0, 0, 6, 3, 32
"c:\Users\USER\Desktop\200000\venv\Lib\site-packages\setuptools\_distutils\command\bdist.py", "Python", 105, 0, 0, 0, 0, 0, 0, 0, 0, 14, 25, 144
"c:\Users\USER\Desktop\200000\venv\Lib\site-packages\setuptools\_distutils\command\bdist_dumb.py", "Python", 102, 0, 0, 0, 0, 0, 0, 0, 0, 3, 19, 124
"c:\Users\USER\Desktop\200000\venv\Lib\site-packages\setuptools\_distutils\command\bdist_msi.py", "Python", 570, 0, 0, 0, 0, 0, 0, 0, 0, 93, 87, 750
"c:\Users\USER\Desktop\200000\venv\Lib\site-packages\setuptools\_distutils\command\bdist_rpm.py", "Python", 435, 0, 0, 0, 0, 0, 0, 0, 0, 59, 86, 580
"c:\Users\USER\Desktop\200000\venv\Lib\site-packages\setuptools\_distutils\command\bdist_wininst.py", "Python", 265, 0, 0, 0, 0, 0, 0, 0, 0, 61, 52, 378
"c:\Users\USER\Desktop\200000\venv\Lib\site-packages\setuptools\_distutils\command\build.py", "Python", 107, 0, 0, 0, 0, 0, 0, 0, 0, 22, 29, 158
"c:\Users\USER\Desktop\200000\venv\Lib\site-packages\setuptools\_distutils\command\build_clib.py", "Python", 138, 0, 0, 0, 0, 0, 0, 0, 0, 27, 45, 210
"c:\Users\USER\Desktop\200000\venv\Lib\site-packages\setuptools\_distutils\command\build_ext.py", "Python", 499, 0, 0, 0, 0, 0, 0, 0, 0, 153, 103, 755
"c:\Users\USER\Desktop\200000\venv\Lib\site-packages\setuptools\_distutils\command\build_py.py", "Python", 277, 0, 0, 0, 0, 0, 0, 0, 0, 81, 59, 417
"c:\Users\USER\Desktop\200000\venv\Lib\site-packages\setuptools\_distutils\command\build_scripts.py", "Python", 126, 0, 0, 0, 0, 0, 0, 0, 0, 13, 22, 161
"c:\Users\USER\Desktop\200000\venv\Lib\site-packages\setuptools\_distutils\command\check.py", "Python", 118, 0, 0, 0, 0, 0, 0, 0, 0, 7, 24, 149
"c:\Users\USER\Desktop\200000\venv\Lib\site-packages\setuptools\_distutils\command\clean.py", "Python", 59, 0, 0, 0, 0, 0, 0, 0, 0, 6, 12, 77
"c:\Users\USER\Desktop\200000\venv\Lib\site-packages\setuptools\_distutils\command\config.py", "Python", 273, 0, 0, 0, 0, 0, 0, 0, 0, 21, 51, 345
"c:\Users\USER\Desktop\200000\venv\Lib\site-packages\setuptools\_distutils\command\install.py", "Python", 452, 0, 0, 0, 0, 0, 0, 0, 0, 122, 104, 678
"c:\Users\USER\Desktop\200000\venv\Lib\site-packages\setuptools\_distutils\command\install_data.py", "Python", 59, 0, 0, 0, 0, 0, 0, 0, 0, 7, 14, 80
"c:\Users\USER\Desktop\200000\venv\Lib\site-packages\setuptools\_distutils\command\install_egg_info.py", "Python", 55, 0, 0, 0, 0, 0, 0, 0, 0, 3, 20, 78
"c:\Users\USER\Desktop\200000\venv\Lib\site-packages\setuptools\_distutils\command\install_headers.py", "Python", 32, 0, 0, 0, 0, 0, 0, 0, 0, 1, 15, 48
"c:\Users\USER\Desktop\200000\venv\Lib\site-packages\setuptools\_distutils\command\install_lib.py", "Python", 140, 0, 0, 0, 0, 0, 0, 0, 0, 36, 42, 218
"c:\Users\USER\Desktop\200000\venv\Lib\site-packages\setuptools\_distutils\command\install_scripts.py", "Python", 44, 0, 0, 0, 0, 0, 0, 0, 0, 3, 14, 61
"c:\Users\USER\Desktop\200000\venv\Lib\site-packages\setuptools\_distutils\command\register.py", "Python", 251, 0, 0, 0, 0, 0, 0, 0, 0, 20, 34, 305
"c:\Users\USER\Desktop\200000\venv\Lib\site-packages\setuptools\_distutils\command\sdist.py", "Python", 373, 0, 0, 0, 0, 0, 0, 0, 0, 47, 75, 495
"c:\Users\USER\Desktop\200000\venv\Lib\site-packages\setuptools\_distutils\command\upload.py", "Python", 162, 0, 0, 0, 0, 0, 0, 0, 0, 22, 31, 215
"c:\Users\USER\Desktop\200000\venv\Lib\site-packages\setuptools\_distutils\config.py", "Python", 103, 0, 0, 0, 0, 0, 0, 0, 0, 9, 19, 131
"c:\Users\USER\Desktop\200000\venv\Lib\site-packages\setuptools\_distutils\core.py", "Python", 170, 0, 0, 0, 0, 0, 0, 0, 0, 25, 40, 235
"c:\Users\USER\Desktop\200000\venv\Lib\site-packages\setuptools\_distutils\cygwinccompiler.py", "Python", 237, 0, 0, 0, 0, 0, 0, 0, 0, 111, 56, 404
"c:\Users\USER\Desktop\200000\venv\Lib\site-packages\setuptools\_distutils\debug.py", "Python", 2, 0, 0, 0, 0, 0, 0, 0, 0, 2, 2, 6
"c:\Users\USER\Desktop\200000\venv\Lib\site-packages\setuptools\_distutils\dep_util.py", "Python", 66, 0, 0, 0, 0, 0, 0, 0, 0, 9, 18, 93
"c:\Users\USER\Desktop\200000\venv\Lib\site-packages\setuptools\_distutils\dir_util.py", "Python", 156, 0, 0, 0, 0, 0, 0, 0, 0, 18, 37, 211
"c:\Users\USER\Desktop\200000\venv\Lib\site-packages\setuptools\_distutils\dist.py", "Python", 900, 0, 0, 0, 0, 0, 0, 0, 0, 164, 194, 1258
"c:\Users\USER\Desktop\200000\venv\Lib\site-packages\setuptools\_distutils\errors.py", "Python", 75, 0, 0, 0, 0, 0, 0, 0, 0, 1, 22, 98
"c:\Users\USER\Desktop\200000\venv\Lib\site-packages\setuptools\_distutils\extension.py", "Python", 189, 0, 0, 0, 0, 0, 0, 0, 0, 27, 25, 241
"c:\Users\USER\Desktop\200000\venv\Lib\site-packages\setuptools\_distutils\fancy_getopt.py", "Python", 308, 0, 0, 0, 0, 0, 0, 0, 0, 78, 72, 458
"c:\Users\USER\Desktop\200000\venv\Lib\site-packages\setuptools\_distutils\file_util.py", "Python", 181, 0, 0, 0, 0, 0, 0, 0, 0, 19, 39, 239
"c:\Users\USER\Desktop\200000\venv\Lib\site-packages\setuptools\_distutils\filelist.py", "Python", 243, 0, 0, 0, 0, 0, 0, 0, 0, 28, 57, 328
"c:\Users\USER\Desktop\200000\venv\Lib\site-packages\setuptools\_distutils\log.py", "Python", 57, 0, 0, 0, 0, 0, 0, 0, 0, 4, 17, 78
"c:\Users\USER\Desktop\200000\venv\Lib\site-packages\setuptools\_distutils\msvc9compiler.py", "Python", 584, 0, 0, 0, 0, 0, 0, 0, 0, 107, 98, 789
"c:\Users\USER\Desktop\200000\venv\Lib\site-packages\setuptools\_distutils\msvccompiler.py", "Python", 493, 0, 0, 0, 0, 0, 0, 0, 0, 62, 89, 644
"c:\Users\USER\Desktop\200000\venv\Lib\site-packages\setuptools\_distutils\spawn.py", "Python", 92, 0, 0, 0, 0, 0, 0, 0, 0, 10, 24, 126
"c:\Users\USER\Desktop\200000\venv\Lib\site-packages\setuptools\_distutils\sysconfig.py", "Python", 412, 0, 0, 0, 0, 0, 0, 0, 0, 81, 81, 574
"c:\Users\USER\Desktop\200000\venv\Lib\site-packages\setuptools\_distutils\text_file.py", "Python", 203, 0, 0, 0, 0, 0, 0, 0, 0, 43, 41, 287
"c:\Users\USER\Desktop\200000\venv\Lib\site-packages\setuptools\_distutils\unixccompiler.py", "Python", 198, 0, 0, 0, 0, 0, 0, 0, 0, 90, 41, 329
"c:\Users\USER\Desktop\200000\venv\Lib\site-packages\setuptools\_distutils\util.py", "Python", 403, 0, 0, 0, 0, 0, 0, 0, 0, 69, 88, 560
"c:\Users\USER\Desktop\200000\venv\Lib\site-packages\setuptools\_distutils\version.py", "Python", 191, 0, 0, 0, 0, 0, 0, 0, 0, 98, 59, 348
"c:\Users\USER\Desktop\200000\venv\Lib\site-packages\setuptools\_distutils\versionpredicate.py", "Python", 129, 0, 0, 0, 0, 0, 0, 0, 0, 5, 33, 167
"c:\Users\USER\Desktop\200000\venv\Lib\site-packages\setuptools\_imp.py", "Python", 66, 0, 0, 0, 0, 0, 0, 0, 0, 0, 17, 83
"c:\Users\USER\Desktop\200000\venv\Lib\site-packages\setuptools\_vendor\__init__.py", "Python", 0, 0, 0, 0, 0, 0, 0, 0, 0, 0, 1, 1
"c:\Users\USER\Desktop\200000\venv\Lib\site-packages\setuptools\_vendor\ordered_set.py", "Python", 405, 0, 0, 0, 0, 0, 0, 0, 0, 15, 69, 489
"c:\Users\USER\Desktop\200000\venv\Lib\site-packages\setuptools\_vendor\packaging\__about__.py", "Python", 19, 0, 0, 0, 0, 0, 0, 0, 0, 3, 6, 28
"c:\Users\USER\Desktop\200000\venv\Lib\site-packages\setuptools\_vendor\packaging\__init__.py", "Python", 21, 0, 0, 0, 0, 0, 0, 0, 0, 3, 3, 27
"c:\Users\USER\Desktop\200000\venv\Lib\site-packages\setuptools\_vendor\packaging\_compat.py", "Python", 16, 0, 0, 0, 0, 0, 0, 0, 0, 7, 9, 32
"c:\Users\USER\Desktop\200000\venv\Lib\site-packages\setuptools\_vendor\packaging\_structures.py", "Python", 41, 0, 0, 0, 0, 0, 0, 0, 0, 3, 25, 69
"c:\Users\USER\Desktop\200000\venv\Lib\site-packages\setuptools\_vendor\packaging\markers.py", "Python", 218, 0, 0, 0, 0, 0, 0, 0, 0, 7, 72, 297
"c:\Users\USER\Desktop\200000\venv\Lib\site-packages\setuptools\_vendor\packaging\requirements.py", "Python", 97, 0, 0, 0, 0, 0, 0, 0, 0, 9, 33, 139
"c:\Users\USER\Desktop\200000\venv\Lib\site-packages\setuptools\_vendor\packaging\specifiers.py", "Python", 458, 0, 0, 0, 0, 0, 0, 0, 0, 151, 141, 750
"c:\Users\USER\Desktop\200000\venv\Lib\site-packages\setuptools\_vendor\packaging\tags.py", "Python", 293, 0, 0, 0, 0, 0, 0, 0, 0, 31, 81, 405
"c:\Users\USER\Desktop\200000\venv\Lib\site-packages\setuptools\_vendor\packaging\utils.py", "Python", 28, 0, 0, 0, 0, 0, 0, 0, 0, 12, 18, 58
"c:\Users\USER\Desktop\200000\venv\Lib\site-packages\setuptools\_vendor\packaging\version.py", "Python", 268, 0, 0, 0, 0, 0, 0, 0, 0, 55, 98, 421
"c:\Users\USER\Desktop\200000\venv\Lib\site-packages\setuptools\_vendor\pyparsing.py", "Python", 4648, 0, 0, 0, 0, 0, 0, 0, 0, 255, 840, 5743
"c:\Users\USER\Desktop\200000\venv\Lib\site-packages\setuptools\_vendor\six.py", "Python", 654, 0, 0, 0, 0, 0, 0, 0, 0, 45, 170, 869
"c:\Users\USER\Desktop\200000\venv\Lib\site-packages\setuptools\archive_util.py", "Python", 136, 0, 0, 0, 0, 0, 0, 0, 0, 10, 30, 176
"c:\Users\USER\Desktop\200000\venv\Lib\site-packages\setuptools\build_meta.py", "Python", 189, 0, 0, 0, 0, 0, 0, 0, 0, 22, 61, 272
"c:\Users\USER\Desktop\200000\venv\Lib\site-packages\setuptools\command\__init__.py", "Python", 13, 0, 0, 0, 0, 0, 0, 0, 0, 0, 5, 18
"c:\Users\USER\Desktop\200000\venv\Lib\site-packages\setuptools\command\alias.py", "Python", 63, 0, 0, 0, 0, 0, 0, 0, 0, 0, 18, 81
"c:\Users\USER\Desktop\200000\venv\Lib\site-packages\setuptools\command\bdist_egg.py", "Python", 409, 0, 0, 0, 0, 0, 0, 0, 0, 18, 84, 511
"c:\Users\USER\Desktop\200000\venv\Lib\site-packages\setuptools\command\bdist_rpm.py", "Python", 36, 0, 0, 0, 0, 0, 0, 0, 0, 1, 7, 44
"c:\Users\USER\Desktop\200000\venv\Lib\site-packages\setuptools\command\bdist_wininst.py", "Python", 25, 0, 0, 0, 0, 0, 0, 0, 0, 0, 6, 31
"c:\Users\USER\Desktop\200000\venv\Lib\site-packages\setuptools\command\build_clib.py", "Python", 77, 0, 0, 0, 0, 0, 0, 0, 0, 13, 12, 102
"c:\Users\USER\Desktop\200000\venv\Lib\site-packages\setuptools\command\build_ext.py", "Python", 263, 0, 0, 0, 0, 0, 0, 0, 0, 30, 40, 333
"c:\Users\USER\Desktop\200000\venv\Lib\site-packages\setuptools\command\build_py.py", "Python", 220, 0, 0, 0, 0, 0, 0, 0, 0, 14, 43, 277
"c:\Users\USER\Desktop\200000\venv\Lib\site-packages\setuptools\command\develop.py", "Python", 164, 0, 0, 0, 0, 0, 0, 0, 0, 17, 40, 221
"c:\Users\USER\Desktop\200000\venv\Lib\site-packages\setuptools\command\dist_info.py", "Python", 26, 0, 0, 0, 0, 0, 0, 0, 0, 0, 11, 37
"c:\Users\USER\Desktop\200000\venv\Lib\site-packages\setuptools\command\easy_install.py", "Python", 1849, 0, 0, 0, 0, 0, 0, 0, 0, 144, 347, 2340
"c:\Users\USER\Desktop\200000\venv\Lib\site-packages\setuptools\command\egg_info.py", "Python", 542, 0, 0, 0, 0, 0, 0, 0, 0, 55, 125, 722
"c:\Users\USER\Desktop\200000\venv\Lib\site-packages\setuptools\command\install.py", "Python", 94, 0, 0, 0, 0, 0, 0, 0, 0, 10, 22, 126
"c:\Users\USER\Desktop\200000\venv\Lib\site-packages\setuptools\command\install_egg_info.py", "Python", 47, 0, 0, 0, 0, 0, 0, 0, 0, 4, 12, 63
"c:\Users\USER\Desktop\200000\venv\Lib\site-packages\setuptools\command\install_lib.py", "Python", 93, 0, 0, 0, 0, 0, 0, 0, 0, 6, 24, 123
"c:\Users\USER\Desktop\200000\venv\Lib\site-packages\setuptools\command\install_scripts.py", "Python", 54, 0, 0, 0, 0, 0, 0, 0, 0, 4, 11, 69
"c:\Users\USER\Desktop\200000\venv\Lib\site-packages\setuptools\command\launcher manifest.xml", "XML", 0, 14, 0, 0, 0, 0, 0, 0, 0, 1, 1, 16
"c:\Users\USER\Desktop\200000\venv\Lib\site-packages\setuptools\command\py36compat.py", "Python", 106, 0, 0, 0, 0, 0, 0, 0, 0, 11, 20, 137
"c:\Users\USER\Desktop\200000\venv\Lib\site-packages\setuptools\command\register.py", "Python", 12, 0, 0, 0, 0, 0, 0, 0, 0, 0, 7, 19
"c:\Users\USER\Desktop\200000\venv\Lib\site-packages\setuptools\command\rotate.py", "Python", 55, 0, 0, 0, 0, 0, 0, 0, 0, 0, 12, 67
"c:\Users\USER\Desktop\200000\venv\Lib\site-packages\setuptools\command\saveopts.py", "Python", 14, 0, 0, 0, 0, 0, 0, 0, 0, 0, 9, 23
"c:\Users\USER\Desktop\200000\venv\Lib\site-packages\setuptools\command\sdist.py", "Python", 192, 0, 0, 0, 0, 0, 0, 0, 0, 16, 45, 253
"c:\Users\USER\Desktop\200000\venv\Lib\site-packages\setuptools\command\setopt.py", "Python", 125, 0, 0, 0, 0, 0, 0, 0, 0, 0, 25, 150
"c:\Users\USER\Desktop\200000\venv\Lib\site-packages\setuptools\command\test.py", "Python", 223, 0, 0, 0, 0, 0, 0, 0, 0, 9, 49, 281
"c:\Users\USER\Desktop\200000\venv\Lib\site-packages\setuptools\command\upload.py", "Python", 12, 0, 0, 0, 0, 0, 0, 0, 0, 0, 6, 18
"c:\Users\USER\Desktop\200000\venv\Lib\site-packages\setuptools\command\upload_docs.py", "Python", 172, 0, 0, 0, 0, 0, 0, 0, 0, 9, 26, 207
"c:\Users\USER\Desktop\200000\venv\Lib\site-packages\setuptools\config.py", "Python", 531, 0, 0, 0, 0, 0, 0, 0, 0, 10, 161, 702
"c:\Users\USER\Desktop\200000\venv\Lib\site-packages\setuptools\dep_util.py", "Python", 17, 0, 0, 0, 0, 0, 0, 0, 0, 4, 5, 26
"c:\Users\USER\Desktop\200000\venv\Lib\site-packages\setuptools\depends.py", "Python", 129, 0, 0, 0, 0, 0, 0, 0, 0, 3, 45, 177
"c:\Users\USER\Desktop\200000\venv\Lib\site-packages\setuptools\dist.py", "Python", 817, 0, 0, 0, 0, 0, 0, 0, 0, 41, 178, 1036
"c:\Users\USER\Desktop\200000\venv\Lib\site-packages\setuptools\errors.py", "Python", 11, 0, 0, 0, 0, 0, 0, 0, 0, 0, 6, 17
"c:\Users\USER\Desktop\200000\venv\Lib\site-packages\setuptools\extension.py", "Python", 39, 0, 0, 0, 0, 0, 0, 0, 0, 5, 14, 58
"c:\Users\USER\Desktop\200000\venv\Lib\site-packages\setuptools\extern\__init__.py", "Python", 57, 0, 0, 0, 0, 0, 0, 0, 0, 0, 10, 67
"c:\Users\USER\Desktop\200000\venv\Lib\site-packages\setuptools\glob.py", "Python", 127, 0, 0, 0, 0, 0, 0, 0, 0, 14, 34, 175
"c:\Users\USER\Desktop\200000\venv\Lib\site-packages\setuptools\installer.py", "Python", 127, 0, 0, 0, 0, 0, 0, 0, 0, 11, 13, 151
"c:\Users\USER\Desktop\200000\venv\Lib\site-packages\setuptools\launch.py", "Python", 27, 0, 0, 0, 0, 0, 0, 0, 0, 2, 8, 37
"c:\Users\USER\Desktop\200000\venv\Lib\site-packages\setuptools\lib2to3_ex.py", "Python", 55, 0, 0, 0, 0, 0, 0, 0, 0, 2, 15, 72
"c:\Users\USER\Desktop\200000\venv\Lib\site-packages\setuptools\monkey.py", "Python", 125, 0, 0, 0, 0, 0, 0, 0, 0, 14, 41, 180
"c:\Users\USER\Desktop\200000\venv\Lib\site-packages\setuptools\msvc.py", "Python", 1470, 0, 0, 0, 0, 0, 0, 0, 0, 64, 298, 1832
"c:\Users\USER\Desktop\200000\venv\Lib\site-packages\setuptools\namespaces.py", "Python", 88, 0, 0, 0, 0, 0, 0, 0, 0, 2, 22, 112
"c:\Users\USER\Desktop\200000\venv\Lib\site-packages\setuptools\package_index.py", "Python", 900, 0, 0, 0, 0, 0, 0, 0, 0, 61, 180, 1141
"c:\Users\USER\Desktop\200000\venv\Lib\site-packages\setuptools\py27compat.py", "Python", 43, 0, 0, 0, 0, 0, 0, 0, 0, 0, 18, 61
"c:\Users\USER\Desktop\200000\venv\Lib\site-packages\setuptools\py31compat.py", "Python", 24, 0, 0, 0, 0, 0, 0, 0, 0, 1, 8, 33
"c:\Users\USER\Desktop\200000\venv\Lib\site-packages\setuptools\py33compat.py", "Python", 37, 0, 0, 0, 0, 0, 0, 0, 0, 2, 21, 60
"c:\Users\USER\Desktop\200000\venv\Lib\site-packages\setuptools\py34compat.py", "Python", 10, 0, 0, 0, 0, 0, 0, 0, 0, 0, 4, 14
"c:\Users\USER\Desktop\200000\venv\Lib\site-packages\setuptools\sandbox.py", "Python", 390, 0, 0, 0, 0, 0, 0, 0, 0, 10, 106, 506
"c:\Users\USER\Desktop\200000\venv\Lib\site-packages\setuptools\ssl_support.py", "Python", 188, 0, 0, 0, 0, 0, 0, 0, 0, 31, 47, 266
"c:\Users\USER\Desktop\200000\venv\Lib\site-packages\setuptools\unicode_utils.py", "Python", 33, 0, 0, 0, 0, 0, 0, 0, 0, 1, 11, 45
"c:\Users\USER\Desktop\200000\venv\Lib\site-packages\setuptools\version.py", "Python", 5, 0, 0, 0, 0, 0, 0, 0, 0, 0, 2, 7
"c:\Users\USER\Desktop\200000\venv\Lib\site-packages\setuptools\wheel.py", "Python", 180, 0, 0, 0, 0, 0, 0, 0, 0, 13, 25, 218
"c:\Users\USER\Desktop\200000\venv\Lib\site-packages\setuptools\windows_support.py", "Python", 21, 0, 0, 0, 0, 0, 0, 0, 0, 0, 9, 30
"c:\Users\USER\Desktop\200000\venv\Scripts\Activate.ps1", "PowerShell", 0, 0, 0, 0, 0, 104, 0, 0, 0, 248, 34, 386
"c:\Users\USER\Desktop\200000\venv\Scripts\activate.bat", "Batch", 0, 0, 23, 0, 0, 0, 0, 0, 0, 1, 10, 34
"c:\Users\USER\Desktop\200000\venv\Scripts\deactivate.bat", "Batch", 0, 0, 15, 0, 0, 0, 0, 0, 0, 0, 7, 22
"c:\Users\USER\Desktop\200000\venv\pyvenv.cfg", "Properties", 0, 0, 0, 3, 0, 0, 0, 0, 0, 0, 1, 4
"Total", "-", 161491, 774, 38, 75, 1620, 104, 29, 1, 55, 18683, 34477, 217347